date,beta,beta_std,spread
2015-01-02,1.3073343304561846,0.0016400188528138634,0.00021440558323604364
2015-01-05,1.2994601737975044,0.0016545377291022688,-0.012858146935059267
2015-01-06,1.3046982410142878,0.001664989654222621,0.008604994811207689
2015-01-07,1.307544330853453,0.0016435666760148124,0.004612128908007662
2015-01-08,1.3103124173857912,0.0016223606962461959,0.00442941019288412
2015-01-09,1.3130758553735242,0.0016461170942456845,0.004491534296519717
2015-01-12,1.2992734147374723,0.0016492768386684052,-0.022460709216161945
2015-01-13,1.2980960209946164,0.0016445991261153352,-0.0019101950872197904
2015-01-14,1.322465312951068,0.0016772770136971303,0.040350181810509866
2015-01-15,1.3166526665371563,0.001692955978982594,-0.009706595586479239
2015-01-16,1.331306954592189,0.0016812160990925579,0.02428417248243875
2015-01-20,1.329235062971354,0.0016691725443466214,-0.0034094579423822324
2015-01-21,1.3186927247174827,0.0016663859049770105,-0.017325358665758017
2015-01-22,1.326914750058313,0.001664369148956762,0.013496569767994515
2015-01-23,1.3238392976613647,0.0016600413575815418,-0.005035242518971472
2015-01-26,1.3204538218894704,0.0016711184177509951,-0.005581631739545401
2015-01-27,1.3199765691676402,0.001706978513286852,-0.0008039255034759663
2015-01-28,1.327599861542988,0.0017381547379129775,0.013067267215276956
2015-01-29,1.3294496035710424,0.0017270207877889902,0.00314643610833798
2015-01-30,1.3045008968486187,0.0016814987438376146,-0.041303154092574346
2015-02-02,1.3163414914078149,0.0016787098013247676,0.019598888741313658
2015-02-03,1.3073113548866293,0.0016507211434654211,-0.014692247652121182
2015-02-04,1.2880639451988856,0.0016197391637935835,-0.030740916009449393
2015-02-05,1.2794860072023415,0.0015795543962671172,-0.01336509720904644
2015-02-06,1.2751857639976896,0.0016047560262256028,-0.006818394421131302
2015-02-09,1.2906487971312568,0.001616320038206193,0.02467963733006684
2015-02-10,1.289997303708501,0.0016217453083540668,-0.0010430084802095507
2015-02-11,1.284312692697961,0.0016103387581984296,-0.009033536485645755
2015-02-12,1.305982836527745,0.0015818060071517031,0.03382323891800354
2015-02-13,1.3070014747422725,0.001589113444922625,0.0015988800320343444
2015-02-17,1.3067243774342303,0.0015820211276137168,-0.0004328499545209752
2015-02-18,1.3180826826778298,0.0015920509826306117,0.017861951030440082
2015-02-19,1.3400051830520603,0.001592172544552473,0.03446695252182508
2015-02-20,1.3448446890336712,0.0015699776704419235,0.007500033143358564
2015-02-23,1.349684071377665,0.0015699089249962281,0.007504704639316628
2015-02-24,1.3553084595257434,0.0015729450717240048,0.008739361363950593
2015-02-25,1.3723442429495973,0.0015699106430238107,0.026415951308436547
2015-02-26,1.3488001631013438,0.0015657665774657372,-0.036412513028295734
2015-02-27,1.3436326306736615,0.001579504131942048,-0.008064834805168175
2015-03-02,1.337419189806699,0.0015408238637906043,-0.009449947023966843
2015-03-03,1.3363965445309482,0.0015571438800745239,-0.0015740753076016745
2015-03-04,1.3544285265907043,0.0015657592778355219,0.02789854951987536
2015-03-05,1.3688679605816498,0.001563645433156624,0.022303437261243175
2015-03-06,1.3633794244074677,0.0015907716142746335,-0.00862902967300272
2015-03-09,1.357848471283756,0.0015788948757551608,-0.00862187897591582
2015-03-10,1.3548632758970034,0.0016149870824814228,-0.004764336587186335
2015-03-11,1.3291949484488783,0.0016176857475413806,-0.04098989387829022
2015-03-12,1.338684604995239,0.0015894230048031973,0.014881302112243588
2015-03-13,1.339012101353699,0.0016160026324003205,0.0005228452189101063
2015-03-16,1.3337272541109193,0.0015926492649171178,-0.008305181440135811
2015-03-17,1.3447774927783558,0.001619160198699647,0.01767519560834785
2015-03-18,1.342934853898391,0.0016004834489767757,-0.002910036644294678
2015-03-19,1.3470613387933152,0.0016029830062769313,0.006531176090120994
2015-03-20,1.3471727733985845,0.001589069612463982,0.0001747891500656351
2015-03-23,1.346436233587634,0.0015966845233464134,-0.0011614751811350743
2015-03-24,1.348376955077534,0.00159622444112434,0.0030587538215200993
2015-03-25,1.3440374675578104,0.0016286423247692775,-0.00698208164961045
2015-03-26,1.355127715088089,0.0016320498334144297,0.017863690929090126
2015-03-27,1.3462046321120473,0.0016332651148764274,-0.01438232668547812
2015-03-30,1.3498765066234262,0.0016303584177524832,0.005907324760400456
2015-03-31,1.3357273227909432,0.0016364251567954438,-0.02285236533056434
2015-04-01,1.345233382289232,0.001642052673336704,0.01540445535196966
2015-04-02,1.3476489419446542,0.0016393621726239326,0.003907087798836528
2015-04-06,1.3542044056385254,0.0016415641957745989,0.010618796633451666
2015-04-07,1.3534427697044535,0.0016269846149618158,-0.001222391948601853
2015-04-08,1.3603228582795384,0.0016102838269658672,0.010931076515873883
2015-04-09,1.3578294315175394,0.0016116896745040205,-0.003967218294235408
2015-04-10,1.352470176516289,0.001614059445715028,-0.00853943589397943
2015-04-13,1.3621777272763718,0.0016315554693221799,0.01563893965263219
2015-04-14,1.3771482176089118,0.0016335072513459273,0.024133663706109587
2015-04-15,1.3764262095490674,0.001629875053440835,-0.0011612065407717864
2015-04-16,1.3690540914419325,0.001630597762189772,-0.011863372355605861
2015-04-17,1.3648464593127985,0.001658398075050201,-0.006889442864022044
2015-04-20,1.366722819329465,0.0016534294057463242,0.0030600726340992424
2015-04-21,1.3605821542711685,0.0016379046089316407,-0.009919585079387616
2015-04-22,1.3583489481400797,0.0015754117195833427,-0.0034681329781847126
2015-04-23,1.3592997810034964,0.001581955909971532,0.0014858565744617636
2015-04-24,1.3616968864696442,0.0015874482532733402,0.003758497013507167
2015-04-27,1.3549966623967182,0.0015962187537615056,-0.010563192426943147
2015-04-28,1.3684580277272167,0.0016039163972613151,0.02132151313897168
2015-04-29,1.357788104808855,0.001590680597962539,-0.016753055198677202
2015-04-30,1.3827614447269665,0.0016209507224613502,0.03999343345392958
2015-05-01,1.404742351384375,0.001627693870182675,0.03531760037097342
2015-05-04,1.4082220068155689,0.0016322914102444956,0.005605901064072327
2015-05-05,1.3944221864337059,0.0016231329788623918,-0.02210090499620776
2015-05-06,1.3969100875684206,0.0016301098887037968,0.004003221310952654
2015-05-07,1.400310396377343,0.0016083992096765953,0.00539537833498116
2015-05-08,1.364284818849334,0.0015430612018941636,-0.054822462692101226
2015-05-11,1.3579428275881784,0.0015528497696781478,-0.009733481316104076
2015-05-12,1.3622890666401934,0.0015601378735154792,0.006700526147596975
2015-05-13,1.3627123954380393,0.0015583672146331732,0.0006517343053076274
2015-05-14,1.355672696558281,0.0015290044929871691,-0.01062949814304659
2015-05-15,1.3548938094335212,0.001538222072748883,-0.0011843876471999693
2015-05-18,1.3447667655653526,0.0015289938617514772,-0.015300510405793943
2015-05-19,1.3516799844518672,0.001525581573207037,0.010423944518194617
2015-05-20,1.3511014881657468,0.0015336972449495122,-0.0008771123415129978
2015-05-21,1.354047229945417,0.0015425560342034164,0.004491622212398738
2015-05-22,1.34638594649642,0.0015371500446576013,-0.011636764942352329
2015-05-26,1.3553953977416453,0.001560795581437602,0.013902387892400725
2015-05-27,1.347456344727528,0.0015399689406029348,-0.012074553940948363
2015-05-28,1.3492141201232632,0.0015384438401084266,0.002672405541645162
2015-05-29,1.3580837487090969,0.0015576905590985832,0.013658202054571689
2015-06-01,1.3543273262125632,0.0015482365537010134,-0.005745120367791401
2015-06-02,1.3643046517730808,0.0015497647756554363,0.015279304712223052
2015-06-03,1.371003900139097,0.001551741413364593,0.01027216733341163
2015-06-04,1.3722235094173008,0.001568173884224348,0.0018902385960331003
2015-06-05,1.3698411403976616,0.0015646020564801368,-0.0036818857616651712
2015-06-08,1.372913390896782,0.001580163913464786,0.004797007914191909
2015-06-09,1.3704233187272736,0.0015740464960784138,-0.003870698049908583
2015-06-10,1.367571057173362,0.00153695127928645,-0.004327545040794689
2015-06-11,1.3719942309695214,0.0015367156307082084,0.006717584888207284
2015-06-12,1.3676893595843687,0.001543426882973692,-0.0065671946451999474
2015-06-15,1.375621235306572,0.00156013295817325,0.012231931306729393
2015-06-16,1.3794053304136373,0.0015504292989196094,0.005795400712770515
2015-06-17,1.3888952880077234,0.0015561483665887485,0.014593277083037037
2015-06-18,1.3972162276468547,0.0015397498941331145,0.012655335434459403
2015-06-19,1.3956756284373109,0.001557469716003421,-0.0023719057999755933
2015-06-22,1.3964665821931144,0.0015486742750125456,0.0012100531696717098
2015-06-23,1.3939840836761461,0.0015414784822957526,-0.0037808434747574893
2015-06-24,1.4022725830509672,0.0015537174310547301,0.012728812150683666
2015-06-25,1.3921503364005037,0.0015590287080203486,-0.015593523645605956
2015-06-26,1.3900586470537593,0.0015561531688713655,-0.00321567659668176
2015-06-29,1.401838830967644,0.0016023288771461113,0.018663019311887297
2015-06-30,1.4074756557303205,0.001592351433081266,0.008860466252528454
2015-07-01,1.40827751510914,0.0015763180156894278,0.0012478189398734685
2015-07-02,1.3966808103832817,0.001567515902042239,-0.017952043447522215
2015-07-06,1.4028595460364193,0.0015702057950330492,0.009584303636017921
2015-07-07,1.403223799273366,0.0015781194006244225,0.0005678917276839002
2015-07-08,1.403837286156268,0.0016021086561648684,0.0009711321511929327
2015-07-09,1.405420511662048,0.0015946667235934603,0.0024923835209591516
2015-07-10,1.4008217379176313,0.001563501264053364,-0.007096281833767648
2015-07-13,1.391585722868356,0.0015393211876090795,-0.014039890630982654
2015-07-14,1.3768740925835923,0.001526862926700451,-0.022194720850720273
2015-07-15,1.3777947483365574,0.0015285622478232346,0.0013910555382921075
2015-07-16,1.375315180170033,0.0015169182299807219,-0.003717089507830451
2015-07-17,1.3730107661911333,0.001510426164403027,-0.0034406014066803436
2015-07-20,1.355409547513981,0.0014734232862176687,-0.02562650720589943
2015-07-21,1.3599851287970062,0.0014870182359145554,0.006731986429898029
2015-07-22,1.3633486042944325,0.001488035145069147,0.0049501205008084526
2015-07-23,1.3437593370677487,0.0014924983709515192,-0.028917600976626545
2015-07-24,1.29854759063907,0.0014328907661876617,-0.06401166822632831
2015-07-27,1.2944746622649912,0.0014507284596233477,-0.005849898870550874
2015-07-28,1.2896814370180956,0.0014340006656189037,-0.006799966546623182
2015-07-29,1.2889712140272176,0.0014105048844320395,-0.000991199854183833
2015-07-30,1.3046822750507985,0.0014037959392779794,0.02183472442970924
2015-07-31,1.3093333964827425,0.0014227899946896842,0.006554423397091114
2015-08-03,1.3026646786892468,0.0014148814341593905,-0.009339395911965198
2015-08-04,1.3091675993137746,0.0014240905939932678,0.009169712747649328
2015-08-05,1.3270993638182889,0.0014294918548713644,0.025376716078042705
2015-08-06,1.337229999773403,0.0014561334442760338,0.014607278658942846
2015-08-07,1.3344737507252193,0.0014440366002980176,-0.003937507763737358
2015-08-10,1.3355653242797865,0.001440797932844824,0.0015563645436174056
2015-08-11,1.3418735317328507,0.0014604142158037862,0.009120129946396105
2015-08-12,1.3344894015385025,0.0014545886412447183,-0.010626177134739123
2015-08-13,1.329987051381986,0.0014470700180239568,-0.006446024262530159
2015-08-14,1.3336140017965117,0.0014415288062372613,0.00517353119026609
2015-08-17,1.329951254248606,0.001437919936096791,-0.005212067754825966
2015-08-18,1.32536868037734,0.0014367835762312342,-0.006516385435290317
2015-08-19,1.3131811799434603,0.0014381072542331299,-0.017347390734812507
2015-08-20,1.2934367016126325,0.0014466799266172148,-0.02827376885457511
2015-08-21,1.2881590129579559,0.0015015538076324966,-0.007848659678117542
2015-08-24,1.2989417978221554,0.0015622890946249042,0.016672941906676897
2015-08-25,1.3106240879733697,0.0015939540583530829,0.018405245474937715
2015-08-26,1.3118571109956245,0.0015120123587227803,0.001838584590558412
2015-08-27,1.3135457363252858,0.0014770305609628487,0.002464588622999031
2015-08-28,1.3129268967110286,0.0014758172154198698,-0.0009033863858292079
2015-08-31,1.3100857812331608,0.0014993030713023937,-0.004215104415735027
2015-09-01,1.30589258237224,0.0015490157757688764,-0.006427771186665154
2015-09-02,1.3132823706721806,0.0015346965646806407,0.011203840822815891
2015-09-03,1.316356753143654,0.0015180707454293006,0.004611493988747384
2015-09-04,1.3234840370075456,0.001544650103638137,0.010887811766735922
2015-09-08,1.3317338338431466,0.0015153404268790274,0.01234797442886304
2015-09-09,1.3077170624870207,0.0015351102986052093,-0.03645963992329371
2015-09-10,1.2916214092887943,0.0015216620126789258,-0.02420119362473372
2015-09-11,1.3051346810444442,0.0015105127007731857,0.020174275194079883
2015-09-14,1.3133148467776212,0.0015263221118985604,0.012347264735495855
2015-09-15,1.3207983696329209,0.0015157508893768423,0.01121038188074408
2015-09-16,1.3208687161768713,0.0015057247766280641,0.00010470011089580566
2015-09-17,1.3281048513752325,0.0015063425227433128,0.010777630758795453
2015-09-18,1.3350164377332012,0.0015310219896349075,0.010466630391064768
2015-09-21,1.3294867396650105,0.0015100999387475866,-0.008250776355041012
2015-09-22,1.3253790859956234,0.0015212261592985469,-0.006179049681094284
2015-09-23,1.3134762944273488,0.0015065578640355366,-0.01772260221572708
2015-09-24,1.3118335275457873,0.001521435589928988,-0.002471786013316546
2015-09-25,1.306149884436791,0.001511975148554287,-0.008493702661255043
2015-09-28,1.3288821407940865,0.0015886032529054215,0.03574565733357815
2015-09-29,1.3101599846718193,0.0015585547400480337,-0.028801674717101378
2015-09-30,1.3082472573914599,0.0015338408792258881,-0.002897429685987163
2015-10-01,1.31078756338863,0.0015267603789046419,0.0038328105315912353
2015-10-02,1.3172596149877582,0.0015123963170832228,0.009673113358886098
2015-10-05,1.3205222206692333,0.0014804317811982287,0.004773000516735237
2015-10-06,1.3176529977802616,0.0014834317299279888,-0.004210177690836758
2015-10-07,1.3167395685100491,0.001460822590333134,-0.0013193447461787855
2015-10-08,1.314116610284393,0.0014476479478740944,-0.0037561505989174293
2015-10-09,1.3120002651824434,0.0014461089217382606,-0.003028524871439231
2015-10-12,1.305494900994108,0.0014270226253120925,-0.009184303629794499
2015-10-13,1.295797001693366,0.001426828898157311,-0.013697074506566764
2015-10-14,1.2972520106920324,0.0014419005914619763,0.002077186662475583
2015-10-15,1.3061110744001643,0.001420523251367605,0.012450649104692957
2015-10-16,1.301435617890942,0.001408419729709324,-0.006517793962686369
2015-10-19,1.286218695406749,0.0013906497044556914,-0.020947313336407092
2015-10-20,1.2967569775352963,0.0014033387492882103,0.01464896615632938
2015-10-21,1.2966957106204406,0.0014182932717844879,-8.606089019735919e-05
2015-10-22,1.299178807258496,0.0014008273170143738,0.0034427354518982156
2015-10-23,1.3112999159844845,0.001389231265697231,0.016671850108537
2015-10-26,1.2912152084791786,0.0013698681290480528,-0.027241709054891317
2015-10-27,1.2862436601298648,0.0013813069880236647,-0.006804090710389232
2015-10-28,1.2854671545212604,0.001358098198396649,-0.0010442165827839744
2015-10-29,1.297573457844177,0.001364205241075157,0.0163649877448222
2015-10-30,1.2925614818180255,0.0013802564718662827,-0.006855155718326955
2015-11-02,1.3373605915284763,0.001422720062348789,0.06316935218748654
2015-11-03,1.3025074092010012,0.001374712344217365,-0.04739891652192796
2015-11-04,1.2995977061072448,0.001366944955273784,-0.00393953545173531
2015-11-05,1.287026504326328,0.001351532075534361,-0.01682864417669805
2015-11-06,1.3052119798739814,0.00136012103039799,0.024512016849627116
2015-11-09,1.3040781291736367,0.0013722701830584144,-0.00154185731723544
2015-11-10,1.2808444294464343,0.0013454847388331048,-0.03095601059763453
2015-11-11,1.288080229377696,0.001350482843703413,0.009684248260299455
2015-11-12,1.269303566970232,0.0013652145508899686,-0.025406128341828094
2015-11-13,1.2541063635646492,0.0013686509444080983,-0.02060742760751566
2015-11-16,1.2596190813878914,0.0013551960550926066,0.007399720464732695
2015-11-17,1.2579201746420703,0.0013563733055398926,-0.002283288626742319
2015-11-18,1.2463087001145925,0.0013293773969828523,-0.015288912577034353
2015-11-19,1.2479920718072524,0.0013344210970542348,0.0022266657615830354
2015-11-20,1.254471395632378,0.0013337683646820204,0.008565063587610666
2015-11-23,1.2542033503950747,0.0013350770778976213,-0.0003546908692158013
2015-11-24,1.248310054340009,0.0013403376074765578,-0.007829311313173548
2015-11-25,1.2475058162278982,0.0013441452460740033,-0.0010713800698169962
2015-11-27,1.2495386698842066,0.0013395156538498687,0.0026983336608452646
2015-11-30,1.2530392477487637,0.0013533338335156746,0.004695920177269386
2015-12-01,1.2393622759251481,0.0013383656567263983,-0.018133980149059425
2015-12-02,1.2420886363758115,0.001352829203258848,0.003656053639602419
2015-12-03,1.2393660311200074,0.0013655574959119754,-0.003684585019598785
2015-12-04,1.2412157826122143,0.001330354752462345,0.002436800076225154
2015-12-07,1.243288375973785,0.0013443074433675576,0.0027621110915703184
2015-12-08,1.2552594060234588,0.0013523274916291874,0.016044572434637416
2015-12-09,1.26971505029596,0.0013726137976388761,0.01966652090659693
2015-12-10,1.2634847847965267,0.0013684815711499346,-0.008445487930359263
2015-12-11,1.2598717106106625,0.0014039297417523086,-0.005027634672444492
2015-12-14,1.2665515013032353,0.0013903266390176026,0.00919423907733119
2015-12-15,1.2658912205741817,0.0013599426263216372,-0.0008889296760941079
2015-12-16,1.2665949189534467,0.0013391911069832116,0.0009334373158367271
2015-12-17,1.2761413688932068,0.0013587375160455419,0.012858463251731678
2015-12-18,1.2756857463337345,0.0014001379982334697,-0.0006324246913607112
2015-12-21,1.2715321955883596,0.001385022507013396,-0.0056954259878665425
2015-12-22,1.2744789019565728,0.0013813290131622455,0.004031277831273883
2015-12-23,1.2707752194694228,0.001360958913999888,-0.0049912600248234185
2015-12-24,1.2737147539628473,0.00136607419903688,0.003978825351367732
2015-12-28,1.2687101275234038,0.0013614643920262452,-0.006749827221867122
2015-12-29,1.2728416050979798,0.00134998526240376,0.005525042973047789
2015-12-30,1.275863082943615,0.0013645295777935179,0.004086234365090036
2015-12-31,1.2695150228301497,0.0013783499851564792,-0.008670294538603684
2016-01-04,1.2664185178084417,0.0014113889744710507,-0.004331007442530677
2016-01-05,1.2594161556660906,0.001401057254853367,-0.00971205799791619
2016-01-06,1.2565490644511828,0.0014193011275661876,-0.00403054313130724
2016-01-07,1.2581808831486725,0.0014471971094281474,0.002338834581578908
2016-01-08,1.2497779331866246,0.0014649013954895795,-0.012184514763319498
2016-01-11,1.2416436143581366,0.001444723047282317,-0.011623176425729298
2016-01-12,1.2392287371253556,0.0014288078238282069,-0.003413822333726557
2016-01-13,1.2362004937954314,0.0014605773469537782,-0.004380093020088793
2016-01-14,1.2450905473590987,0.0014470214843604148,0.012725274600001057
2016-01-15,1.2510884153329842,0.001485855108788939,0.008824253500222312
2016-01-19,1.2241967532690787,0.0014948316311984623,-0.039763363856295086
2016-01-20,1.2203502533162303,0.0015095189175978998,-0.005743258703290621
2016-01-21,1.2192967412387654,0.001491369145311487,-0.0015529984082434112
2016-01-22,1.2262044587235403,0.001468471700422166,0.010028437345809493
2016-01-25,1.225410497610005,0.0014876887159078688,-0.0011688503181943588
2016-01-26,1.226230602418405,0.0014848635276536982,0.001204317987898662
2016-01-27,1.21205380412131,0.0015047264525081731,-0.021105033049011013
2016-01-28,1.2190168728510513,0.001538243881932584,0.010596017726030027
2016-01-29,1.2110561425112603,0.0014339226377954345,-0.011263808220860483
2016-02-01,1.2073122021770675,0.001435956319332408,-0.005321330952455128
2016-02-02,1.1865252904252628,0.001454733789722654,-0.02993756120974922
2016-02-03,1.1779894688467418,0.001435964857614802,-0.012124977978842821
2016-02-04,1.1868917368127418,0.0014493203450094377,0.012772435433774376
2016-02-05,1.1723545130412225,0.0014917487924708916,-0.021472929479827485
2016-02-08,1.2048797055343607,0.0015727980838778869,0.050653636115967515
2016-02-09,1.2151267881972878,0.0015602607196616913,0.015789305974792
2016-02-10,1.2034670833754786,0.0015207006347720507,-0.017506565249519213
2016-02-11,1.2146908304970931,0.0015571176077648148,0.017286036925312942
2016-02-12,1.2211663792113057,0.0015149984076059375,0.009686411053536403
2016-02-16,1.2278659651176764,0.001500808534749068,0.00993824592519843
2016-02-17,1.2243107207948813,0.0014789876993748692,-0.005197722827688267
2016-02-18,1.2212708353270787,0.001495021960140694,-0.004496418284787751
2016-02-19,1.2267324967007776,0.0014890997073929995,0.008042058532325314
2016-02-22,1.2156514135744008,0.0014585685945069885,-0.01597748217835715
2016-02-23,1.208342565161679,0.00147656165295625,-0.010680733378009677
2016-02-24,1.2160141156148836,0.0014826023621775293,0.011251754130583436
2016-02-25,1.2066116422403796,0.0014544720769683185,-0.01352084354655858
2016-02-26,1.2172271709707976,0.0014650324012701196,0.015391006425574005
2016-02-29,1.214160992429573,0.0014717728612058736,-0.0044650556678647035
2016-03-01,1.2204470084998134,0.0014283088124119017,0.008876212243237092
2016-03-02,1.2232447339279928,0.00143469583651911,0.003973527952069844
2016-03-03,1.2276151143580027,0.0014421150238459893,0.006238759179410636
2016-03-04,1.2320214701394165,0.0014423092435626526,0.006289650173386008
2016-03-07,1.2408905567185526,0.0014807716904084462,0.013004611486550743
2016-03-08,1.2434634059542962,0.0015078576035216951,0.0038388189670683914
2016-03-09,1.247104826413945,0.001506619059852669,0.005424271075241904
2016-03-10,1.251088959510681,0.0015162664109726822,0.005973870646769797
2016-03-11,1.2504231883703918,0.0014870757609350992,-0.0009783382140966523
2016-03-14,1.256817372425774,0.001489911301448018,0.00942261092092167
2016-03-15,1.2565138612773163,0.0014813976834558253,-0.0004446116534069233
2016-03-16,1.257579654239761,0.0014721781307944638,0.0015517340270037039
2016-03-17,1.2635904693454347,0.001456999437554876,0.008661583396317951
2016-03-18,1.2650593195392892,0.0014446134918364311,0.0020991656662943114
2016-03-21,1.265794492343871,0.0014448000986096532,0.0010511636966867854
2016-03-22,1.2715630265265334,0.0014605069189739532,0.008339481184137298
2016-03-23,1.2606297309354135,0.0014421257726390635,-0.015595963886440245
2016-03-24,1.2536361038220059,0.0014377343977419656,-0.009950409186643583
2016-03-28,1.2455297910557466,0.0014388736470308191,-0.011544291726565348
2016-03-29,1.2445614027255127,0.0014145500792086597,-0.0013552656190398693
2016-03-30,1.2355866045816752,0.0013892407659725553,-0.012339656436850532
2016-03-31,1.2491183822213798,0.001394576674509525,0.018691127207858926
2016-04-01,1.2493575690606218,0.0013750008971519774,0.00032560939301617964
2016-04-04,1.2351233626340565,0.0013708321617481893,-0.01932780545564583
2016-04-05,1.2393760060139187,0.0013858604070924837,0.005839594208893573
2016-04-06,1.2276676170728233,0.0013642975659466775,-0.015816249147462713
2016-04-07,1.221343053266635,0.001375164083958283,-0.008617912595127564
2016-04-08,1.217880238775529,0.0013673829656113056,-0.0046898824597008115
2016-04-11,1.2169539103161473,0.0013710028817849544,-0.00125822779565965
2016-04-12,1.2112254298482084,0.0013590042424980687,-0.007710852356353826
2016-04-13,1.2169594100043422,0.0013390712071211326,0.007605472280147296
2016-04-14,1.2130349340217241,0.0013289095644000153,-0.005167922608450226
2016-04-15,1.2230277249744181,0.0013329829621575031,0.013203544583433313
2016-04-18,1.2150826116983644,0.0013109454514697476,-0.010320261466304714
2016-04-19,1.2199966088227363,0.0013221085807918352,0.006442028568585556
2016-04-20,1.2222698729201014,0.0013157060069962651,0.0029646002858498832
2016-04-21,1.2232239819360844,0.0013214665601408797,0.0012500208882215702
2016-04-22,1.2476200656501346,0.001349034139273056,0.032636279554452585
2016-04-25,1.2572838073562924,0.001365484914948541,0.013078858447968855
2016-04-26,1.255002707970089,0.0013588322372622287,-0.0030705497149199346
2016-04-27,1.265384511378141,0.001354933940199969,0.013936445514090678
2016-04-28,1.2674796828307386,0.0013734237388869767,0.0028519394471118176
2016-04-29,1.2721573408704185,0.0013811070954911904,0.006400307996358379
2016-05-02,1.262711465136759,0.0013600277623255174,-0.012720921509810523
2016-05-03,1.2659218532896377,0.0013819806314902634,0.004397110466626941
2016-05-04,1.2653363363801806,0.0013840997248590074,-0.0008027279817781618
2016-05-05,1.2598994666042866,0.0013790091211521936,-0.007425434876367376
2016-05-06,1.260340047041206,0.0013727378116976925,0.0005990204795836007
2016-05-09,1.2529473842573966,0.0013641219267913024,-0.009988631637341427
2016-05-10,1.249146134116211,0.0013475423352649278,-0.00507369826667059
2016-05-11,1.2611948932391552,0.0013776527107394177,0.016455441119646252
2016-05-12,1.2449018096519626,0.0013674198503069498,-0.02206573926815736
2016-05-13,1.2551221141912867,0.0013859290263480166,0.014036203912382916
2016-05-16,1.2500323715131652,0.0013689755116051453,-0.006899469315683859
2016-05-17,1.2589617260135608,0.0013866378636685386,0.012269134014289307
2016-05-18,1.2493002572486096,0.0013753962232163892,-0.013159062679619637
2016-05-19,1.245884704113339,0.0013850475060598615,-0.0046867426334813445
2016-05-20,1.2432242353195588,0.0013712239130460983,-0.003612556150486057
2016-05-23,1.2454303752487925,0.001379236939311238,0.0030146142747327076
2016-05-24,1.2295486637780182,0.0013422118474382871,-0.021103995821945887
2016-05-25,1.233777166419104,0.0013475350659173742,0.0056472571824741635
2016-05-26,1.233892640305338,0.0013485419698223147,0.0001543133154058296
2016-05-27,1.2338305476121485,0.0013375669551998022,-8.228780883712261e-05
2016-05-31,1.2287749576406575,0.0013495450847694573,-0.006762939184270067
2016-06-01,1.2308144341065765,0.001344864248565456,0.002717737221090033
2016-06-02,1.2256497065526597,0.001332798663448952,-0.00682034624104233
2016-06-03,1.2151446095969434,0.0013329587492778693,-0.013878777325686542
2016-06-06,1.213594144113035,0.00132320021904687,-0.002033124579341461
2016-06-07,1.2131727760269586,0.0013222290679134338,-0.0005522689950367976
2016-06-08,1.2137808110935904,0.0013055119588171375,0.0007866970201604317
2016-06-09,1.2076489126789545,0.001311666894756099,-0.007975182518876522
2016-06-10,1.2010933885288873,0.0013290315665038406,-0.00863962832801235
2016-06-13,1.2148321245988116,0.0013586698970641554,0.0185092432234768
2016-06-14,1.2114888659915384,0.0013557930183546402,-0.004490879657936375
2016-06-15,1.2077335312035151,0.0013626040886834505,-0.005070610017838817
2016-06-16,1.2143197404668677,0.0013595322390214499,0.008870928231715425
2016-06-17,1.2253066643321562,0.0013830999847576756,0.015060871134579656
2016-06-20,1.2336740655516305,0.0013769661257977427,0.011410885588034603
2016-06-21,1.2437412796811678,0.0013771384203802033,0.013733026547413374
2016-06-22,1.2430713559597943,0.0013912619795620118,-0.0009234141010239227
2016-06-23,1.2374816898404335,0.0013615895660137772,-0.007534402482150426
2016-06-24,1.2327638667833887,0.0014181558763405066,-0.006633998524662843
2016-06-27,1.228404817931399,0.0014505696105805415,-0.006262755282065768
2016-06-28,1.216964539919728,0.0014161552606132266,-0.016023916001401517
2016-06-29,1.2142730410207625,0.001387541232063021,-0.0036958232618644615
2016-06-30,1.2010669985251448,0.0014346538948876266,-0.018776937410308392
2016-07-01,1.2064156758852356,0.0014288210353217107,0.007563467783896272
2016-07-05,1.1954155751244668,0.0014252557008499187,-0.01551800473382059
2016-07-06,1.1884831407002108,0.0014367570564340969,-0.009861222730393138
2016-07-07,1.1943734451479648,0.0014282577619822926,0.008325524618641111
2016-07-08,1.1749627120716701,0.0013932450908670858,-0.02675635918345165
2016-07-11,1.175557352214541,0.0013914466710125042,0.0008193928555613184
2016-07-12,1.1773218568614365,0.0013745269706754587,0.0024014160320717792
2016-07-13,1.1820194203736223,0.001374869355490946,0.006397772109650646
2016-07-14,1.1861425150400828,0.0013631242034347149,0.005566465822653299
2016-07-15,1.1772281729892593,0.0013603846005440425,-0.012014175299100316
2016-07-18,1.1854333906356853,0.0013602134528207194,0.01105786360112404
2016-07-19,1.1893813549213745,0.0013532571562625904,0.005292838329566507
2016-07-20,1.191571357841814,0.0013425349540796261,0.002912888422358151
2016-07-21,1.1894641858701753,0.0013520702106061262,-0.002823793696421717
2016-07-22,1.1880019713337386,0.001333456368826054,-0.0019315437464086926
2016-07-25,1.193989595542079,0.0013495437825862021,0.008010599460263279
2016-07-26,1.2062718064988878,0.0013571474583637516,0.016519084939460527
2016-07-27,1.2099453182713247,0.001356470476288954,0.004937210180230522
2016-07-28,1.2285191180810806,0.0013453667601051101,0.024755634636832724
2016-07-29,1.2366524393670164,0.0013646569913992558,0.011001874331043382
2016-08-01,1.2313816556616943,0.001361068463107352,-0.007106965046432379
2016-08-02,1.2332652963745945,0.0013607259328956788,0.0025394391288244833
2016-08-03,1.2245332400137776,0.0013534261213572318,-0.011707958069635538
2016-08-04,1.2231216195388774,0.0013405438800530925,-0.001874731054826384
2016-08-05,1.22525343890886,0.0013296927377957088,0.0028088473399634495
2016-08-08,1.226906031758623,0.0013327940283349572,0.0021832224367273056
2016-08-09,1.224283342142264,0.001330995662768326,-0.0034597655425159246
2016-08-10,1.2248495058961322,0.0013372312293111468,0.0007504615633990852
2016-08-11,1.2212335985371099,0.001330017545932348,-0.004765858596499584
2016-08-12,1.21756743753055,0.0013316486788823051,-0.004839047992277301
2016-08-15,1.2082797309922595,0.00131725192140529,-0.012123683288280063
2016-08-16,1.1994819945027027,0.0013188502021594867,-0.011502625663155186
2016-08-17,1.1964825226999807,0.001316124209223749,-0.003913258096005734
2016-08-18,1.200816885519333,0.0013253086245838901,0.005695380236886649
2016-08-19,1.1973406096368944,0.00132207407066659,-0.004555409422962953
2016-08-22,1.1957079297911009,0.0013126138000558762,-0.002124115574474672
2016-08-23,1.2056171295092935,0.0013167630292150053,0.012936516529322262
2016-08-24,1.2039007840836902,0.0013249844866896755,-0.002254689901107554
2016-08-25,1.2041716588386955,0.0013245003300441731,0.0003556277440992517
2016-08-26,1.2113664615688444,0.0013204614595082147,0.009416770409856667
2016-08-29,1.2108839089218797,0.0013156445117591432,-0.0006293018997070021
2016-08-30,1.2102753045692494,0.0013108636282280247,-0.0007908529802165276
2016-08-31,1.208579944584917,0.0013151625724605756,-0.002210666017958829
2016-09-01,1.2148193129506346,0.0013088023553570506,0.00809490242970412
2016-09-02,1.2080011049585233,0.0012978137725704452,-0.008771810107504052
2016-09-06,1.2111114373835685,0.0012896128366332645,0.003976948985325635
2016-09-07,1.2103262831025234,0.001278788557534254,-0.0009955627448050564
2016-09-08,1.21910763186943,0.0012828797809361398,0.011173894693044417
2016-09-09,1.2210381996542357,0.001308318520675661,0.002505843569210242
2016-09-12,1.2208404721598942,0.001282887581181179,-0.00025141090718250325
2016-09-13,1.2279230276348965,0.0012995209793435153,0.009130167903222741
2016-09-14,1.225665367101257,0.001305797536686774,-0.0029234149172054913
2016-09-15,1.22720663962804,0.0012976572357454661,0.001982800277502861
2016-09-16,1.2250151202466266,0.0012967214107455557,-0.0028178477621025877
2016-09-19,1.2224142511763174,0.0012899201749657927,-0.0033264355671889234
2016-09-20,1.2325831430291614,0.001290379942409535,0.013012698328793704
2016-09-21,1.2311752855017488,0.0012790912887168412,-0.0017855347145001588
2016-09-22,1.2393890407771697,0.0012769744900091255,0.010402679285675731
2016-09-23,1.2460870677171025,0.0012894537617932382,0.008567749283557191
2016-09-26,1.2510507738965184,0.001300772636295992,0.006403939913880663
2016-09-27,1.2494031997950459,0.0012953255825097685,-0.0021159563909805
2016-09-28,1.2380963154534412,0.0012828841286286528,-0.014381508981216484
2016-09-29,1.2425851445309128,0.0012990527515851901,0.005784458846108009
2016-09-30,1.245091549833578,0.0012870054093512824,0.003198063627820602
2016-10-03,1.2440885218652376,0.0012845573376976981,-0.0012777399232959397
2016-10-04,1.2380544751583533,0.0012865422236424818,-0.007699221869316375
2016-10-05,1.2452902693040342,0.0012771271152907852,0.009163472243827187
2016-10-06,1.2517208942998193,0.0012769739840278764,0.008144756168647405
2016-10-07,1.2506538269579761,0.0012842497261553168,-0.0013593344176001665
2016-10-10,1.2518838137715675,0.0012806037277654926,0.0015620669508109586
2016-10-11,1.252313490216461,0.001297183713602587,0.000552917783210205
2016-10-12,1.2492971342595667,0.0012939306513796228,-0.003869979945577029
2016-10-13,1.2463043957203768,0.0012998358281080997,-0.0038578200152699083
2016-10-14,1.2404132074101177,0.0012908445343269726,-0.007539542468194327
2016-10-17,1.2444065394145964,0.0012954777760233731,0.005130502036806206
2016-10-18,1.2637743925512641,0.00130438003163086,0.02505409684897586
2016-10-19,1.2576704462814128,0.0012853253406526226,-0.007776964312043333
2016-10-20,1.2600433901108827,0.0012900706123328378,0.0030361715275120105
2016-10-21,1.2659723095297228,0.0012923832962890714,0.007598932321997154
2016-10-24,1.2578659923193183,0.001279848638367651,-0.010286607762679978
2016-10-25,1.2711566265953615,0.0012973383386840078,0.017105102696049812
2016-10-26,1.2798055022797206,0.0013017134226040426,0.011164320507859316
2016-10-27,1.2819613631806135,0.0012990579110872828,0.002776786829286948
2016-10-28,1.317413390232824,0.0012943959884539316,0.045499331323469505
2016-10-31,1.31489079593088,0.0012899195496438784,-0.0032265156030319986
2016-11-01,1.3037897866795913,0.001303749754413536,-0.014355164056951253
2016-11-02,1.3082707260321176,0.001320293858961399,0.0058672002241166865
2016-11-03,1.3045133524590695,0.0013191724483241354,-0.004913419188696366
2016-11-04,1.299777505194676,0.001323850894228767,-0.006215473550071238
2016-11-07,1.3017922300520814,0.0012899275476764133,0.0025749740192821946
2016-11-08,1.2929787528012378,0.0012842531337004396,-0.0112237948939935
2016-11-09,1.2932061655452372,0.001278787162004996,0.00028839475763220435
2016-11-10,1.293912552316946,0.0012998316889640804,0.0009109240608040636
2016-11-11,1.2952303254596753,0.001299681775805203,0.0016982263495748384
2016-11-14,1.3078498411059478,0.001356689292739765,0.016989152120856943
2016-11-15,1.3219497924613977,0.0013534860259303422,0.018908148983285855
2016-11-16,1.3138945281954184,0.0013256682457471964,-0.010577130688574243
2016-11-17,1.3035027694242154,0.0013097460369494351,-0.013488355690412845
2016-11-18,1.3113516867248909,0.0013137244917374904,0.010223514516695786
2016-11-21,1.311875264853519,0.0012999676155836673,0.0006746479419206253
2016-11-22,1.3401459807288199,0.0013280974001709928,0.0372430543958302
2016-11-23,1.32948260589409,0.0013340094423948765,-0.014100936275866616
2016-11-25,1.334682329630537,0.0013248495511264603,0.006826853402515098
2016-11-28,1.3224004125862596,0.0013421283670569015,-0.016343266980427984
2016-11-29,1.3268094487696678,0.001340967710803077,0.005859161843702054
2016-11-30,1.3369087201502885,0.0013721252592394295,0.01373897512411304
2016-12-01,1.3433835630814333,0.0014058575260990844,0.009021542390584614
2016-12-02,1.350516902078888,0.0014005889030713988,0.00989187268943681
2016-12-05,1.3548550821033118,0.0013723198093360154,0.005892930648300876
2016-12-06,1.3384281003693765,0.0013758033210069054,-0.022389297348709647
2016-12-07,1.34238112829108,0.0013383205915790644,0.00523786638697743
2016-12-08,1.3375594319593962,0.0013388062230188806,-0.006397678956631125
2016-12-09,1.3346509441229248,0.001341133127530881,-0.003865911890571283
2016-12-12,1.3309840835918856,0.0013518725584270347,-0.004913363748272559
2016-12-13,1.3198646641397902,0.0013401392415846442,-0.014763446590464468
2016-12-14,1.3203128124786274,0.0013413001730277966,0.0005957254896173936
2016-12-15,1.327660634018945,0.0013351678215454974,0.009721736268431869
2016-12-16,1.3352624094344254,0.0013544119785267423,0.010207003265492176
2016-12-19,1.3409956385067126,0.001358675345850537,0.0077187991920055765
2016-12-20,1.349406893682375,0.0013542498287129573,0.01128544029526779
2016-12-21,1.3485858598440439,0.0013579926443363344,-0.001104818888080672
2016-12-22,1.354434770128038,0.0013621009781305546,0.007894006147012078
2016-12-23,1.3553711661072296,0.0013578243130600892,0.0012596299352196638
2016-12-27,1.353131144148193,0.0013544192892499288,-0.003005905062551051
2016-12-28,1.3397309343452577,0.001355267777982543,-0.017994977090239672
2016-12-29,1.3401263116390156,0.0013547580590123748,0.000530731862625089
2016-12-30,1.3387422967189482,0.0013600432180099417,-0.0018652294978949158
2017-01-03,1.3409852906759783,0.0013351736320164858,0.002966179374070066
2017-01-04,1.3427393495367386,0.0013245248652035272,0.0023023045997945246
2017-01-05,1.3375448650792918,0.0013094282387621481,-0.0067409056677689705
2017-01-06,1.3288742907341893,0.0012918798104356974,-0.011102893307381123
2017-01-09,1.3335234470976747,0.0012990236724175562,0.005989549496888458
2017-01-10,1.3378767310398156,0.0013059373711137758,0.005637696289610972
2017-01-11,1.3360395560683165,0.001298246530959593,-0.0023645526057265442
2017-01-12,1.3539757050994814,0.0013049909451608908,0.023211454760584616
2017-01-13,1.3574338642002663,0.001308153942348435,0.004485509890869821
2017-01-17,1.3523333286239474,0.0013067297655949242,-0.00660793681200289
2017-01-18,1.35004686930818,0.0013015327352378678,-0.002950322532299765
2017-01-19,1.3461483594610932,0.0012993388115850814,-0.005022476916792584
2017-01-20,1.3617234302780385,0.0012976205508011501,0.02003962229532874
2017-01-23,1.3529206187020173,0.0012928039138815353,-0.011283867506122647
2017-01-24,1.3389794425811967,0.0012762978025292646,-0.017640749304021597
2017-01-25,1.331444362115593,0.0012662627532672203,-0.009462471006415285
2017-01-26,1.3320058505645789,0.0012761397267300207,0.0007108800550810201
2017-01-27,1.3291995337834566,0.001268196760612529,-0.0035296248301648347
2017-01-30,1.323813823326104,0.0012692392091203605,-0.006780855581482115
2017-01-31,1.3035054137150233,0.0012841859309324541,-0.025874580799538194
2017-02-01,1.2912875897644243,0.001288327244043904,-0.015611630615026684
2017-02-02,1.2949442899218593,0.0012904837184293417,0.004679896841224718
2017-02-03,1.2556938862078149,0.0012346850584415386,-0.0480247432422658
2017-02-06,1.2588217216871989,0.0012382139964423986,0.0038435287759028824
2017-02-07,1.2597084667196363,0.0012389257647631767,0.0010901864811643236
2017-02-08,1.2711878183528236,0.0012488188861481432,0.01422719901428593
2017-02-09,1.2709609115363074,0.0012417798426937123,-0.0002795442782854707
2017-02-10,1.265945588829751,0.0012372220143941552,-0.006156813453728205
2017-02-13,1.2697469695688686,0.0012296069564478461,0.004637939343368203
2017-02-14,1.2707980109665424,0.0012238871821672157,0.0012765242892101014
2017-02-15,1.2674648166328768,0.0012121053243387093,-0.0040092860916018935
2017-02-16,1.265168438543041,0.001213879724130833,-0.00276705737699956
2017-02-17,1.2657900986857125,0.0012131962586926937,0.0007486193346437631
2017-02-21,1.2676649763169527,0.001206939858631874,0.0022460001908797267
2017-02-22,1.2612216366647824,0.0012085642323201751,-0.007730468015196834
2017-02-23,1.2704756961070562,0.0012034312896071716,0.011054390778511447
2017-02-24,1.2699988135708409,0.0012000761204859183,-0.0005681163774653442
2017-02-27,1.2712358364499303,0.0012058558279274996,0.0014810004100382912
2017-02-28,1.270861273543248,0.001206667967473971,-0.00044868226973449055
2017-03-01,1.2768095256997403,0.0011926311678737563,0.007041096939573777
2017-03-02,1.272393053033363,0.001198738151101976,-0.0052568015622256326
2017-03-03,1.2732630145519153,0.0011952785332177088,0.0010323094792283882
2017-03-06,1.2668953199035629,0.0011932898104201918,-0.007543872023831
2017-03-07,1.2606420056885046,0.0011917038417864876,-0.0073987271473328065
2017-03-08,1.2621763391965264,0.0011930247681180524,0.0018174848537597654
2017-03-09,1.2579752086863223,0.0011910445283311174,-0.004967889285239835
2017-03-10,1.2540150128075171,0.0011829284792070787,-0.004650840216029906
2017-03-13,1.2522889297252229,0.0011780070029406573,-0.0020189412826425723
2017-03-14,1.248400310313643,0.0011852706721096652,-0.00457735380523161
2017-03-15,1.2602594051717533,0.0011804627412482596,0.013899737614593732
2017-03-16,1.2659692585342919,0.0011789098014270232,0.006684199509763289
2017-03-17,1.2650496550858001,0.0011763326899324074,-0.0010741804673131128
2017-03-20,1.2751648520146095,0.0011901200091601824,0.011956625406497778
2017-03-21,1.2720413902068488,0.0012050438230267113,-0.003737829381336155
2017-03-22,1.2738186507630733,0.0011988738934068813,0.0021150405443250975
2017-03-23,1.2707218170693115,0.001194349796273252,-0.003671841741578419
2017-03-24,1.2702930866430555,0.0011899917531250695,-0.0005065087033244708
2017-03-27,1.2732178502977396,0.0011931565318887836,0.0034650382867624785
2017-03-28,1.2767966321931066,0.0011909130251336344,0.004231467191843308
2017-03-29,1.271413614049675,0.0011901228378439976,-0.0063608083781332425
2017-03-30,1.280568594127279,0.0011923633141752573,0.010838779772583962
2017-03-31,1.2804411512730558,0.0011942160368961932,-0.0001511121393917847
2017-04-03,1.270948325906787,0.0011877595006305308,-0.011193670373913278
2017-04-04,1.2773160461301705,0.0011954087382820683,0.007558834016933247
2017-04-05,1.2761151100654549,0.0011921010676568028,-0.0014213191783198909
2017-04-06,1.279289662310086,0.0011913085670521792,0.0037548738108199586
2017-04-07,1.2821688736753847,0.001195940874231401,0.0034190387017645207
2017-04-10,1.2814019022339238,0.001194349214839532,-0.000909442686975126
2017-04-11,1.2791707591755828,0.0011944816159214,-0.002645993619779574
2017-04-12,1.2743439492355426,0.001196738940618466,-0.005735243780520705
2017-04-13,1.268778248495938,0.0011942169020667062,-0.006598708729001146
2017-04-17,1.271746028184537,0.0011818902486551218,0.0034819867723285824
2017-04-18,1.2712331388117584,0.0011829267312661869,-0.0006024645161772924
2017-04-19,1.2683853771273899,0.0011826674475713113,-0.0033442929241545016
2017-04-20,1.274363283144793,0.0011647472419163301,0.006912420125345875
2017-04-21,1.2709321989017988,0.001164744008766679,-0.003969105245985816
2017-04-24,1.276903085454275,0.001155984922009965,0.00685452931750774
2017-04-25,1.2780952484231907,0.0011527633123488052,0.0013650040990995649
2017-04-26,1.2825297519509624,0.0011563552473861653,0.0050938312997317325
2017-04-27,1.2957839987408055,0.0011590964110535732,0.01526022339191968
2017-04-28,1.2927340375922687,0.0011638611643415655,-0.0035259683911021966
2017-05-01,1.2926815643076388,0.001163358306589662,-6.062955620222965e-05
2017-05-02,1.293955104875417,0.0011474775397057773,0.0014511590122339157
2017-05-03,1.286802764017595,0.0011487003019516285,-0.0081616385487564
2017-05-04,1.290614769382245,0.0011464968249754856,0.004341358840946441
2017-05-05,1.2934321728708047,0.001153008391066754,0.003227269051649273
2017-05-08,1.286143763699291,0.001155114063677739,-0.008362906231269562
2017-05-09,1.2827693358283458,0.0011541232294175815,-0.0038683521879505633
2017-05-10,1.2818966359649158,0.0011510358477346365,-0.0009977502633091717
2017-05-11,1.2826423315058544,0.0011528855502013155,0.0008539959104183481
2017-05-12,1.2805246895801576,0.001145154853193198,-0.002408617506915789
2017-05-15,1.2853116271644947,0.0011390912604665156,0.0054164401408201
2017-05-16,1.2894702853060904,0.001140055568364655,0.004710222625391225
2017-05-17,1.2881202245967687,0.0011550767448721636,-0.0015495004863623763
2017-05-18,1.2826978863032783,0.0011557009440832167,-0.00622463709957799
2017-05-19,1.286557620108608,0.0011462031712670068,0.004393870286179435
2017-05-22,1.2905129346842132,0.001136136827102881,0.004463590816556007
2017-05-23,1.2894838036811098,0.001129561790201225,-0.001154835542124033
2017-05-24,1.2883053618674543,0.0011183828067318627,-0.001309326128819066
2017-05-25,1.2980420476445216,0.001115707787374376,0.010794593467053915
2017-05-26,1.3001112744682775,0.001120014316339006,0.00230315434782824
2017-05-30,1.2996702852860689,0.001119431011528125,-0.0004905375415091839
2017-05-31,1.305700337438552,0.0011135094911280759,0.0066717367471937905
2017-06-01,1.308923962868231,0.0011115486996620073,0.003560775299106922
2017-06-02,1.3175927793244078,0.0011029825491286696,0.009501181067221864
2017-06-05,1.3195523264867566,0.0010984664112404657,0.0021392026940674214
2017-06-06,1.3230302534140743,0.0011070756920031886,0.0038272898071909367
2017-06-07,1.3184709350768784,0.001103662161553675,-0.005000705751271539
2017-06-08,1.3139422678512045,0.0011036616665768082,-0.004967457596833924
2017-06-09,1.3167044067539557,0.0011212991782927992,0.00307878985617549
2017-06-12,1.307113476897195,0.0011338532230674532,-0.010807436055387143
2017-06-13,1.3019391719119284,0.0011152469019757472,-0.005732118344852211
2017-06-14,1.3005254758742553,0.0011124702898649053,-0.001562801073774267
2017-06-15,1.3047304165716724,0.0011258862474234114,0.004705497380811607
2017-06-16,1.3105131406025767,0.0011258883372368036,0.006469181508407473
2017-06-19,1.3140336096498844,0.0011186152066555266,0.003912616986497142
2017-06-20,1.3180202897265483,0.001123413211739656,0.0044507254360866
2017-06-21,1.3176643975045745,0.001121536378291561,-0.00039660316831202636
2017-06-22,1.3279578223706356,0.0011284908551043818,0.011543417974621661
2017-06-23,1.3131392712859655,0.0011094827782676007,-0.01633213315741955
2017-06-26,1.3127189643795159,0.0011136237434773962,-0.0004651844288900975
2017-06-27,1.308870265122694,0.00111733275075676,-0.004273610123576077
2017-06-28,1.3124579664252478,0.0011020774229716533,0.003928416842384763
2017-06-29,1.3024199569896044,0.00112294067234482,-0.011205739672689674
2017-06-30,1.310430853849168,0.0011305110443707402,0.008999714558456162
2017-07-03,1.3093211955297637,0.0011356534423177032,-0.0012521592473717646
2017-07-05,1.3153518462254534,0.0011277820745595657,0.006756547977843752
2017-07-06,1.3133463061247221,0.0011368553505752077,-0.0022656538448728725
2017-07-07,1.318991890626993,0.0011288493605227069,0.00633102241435779
2017-07-10,1.308613987009667,0.0011151305269126409,-0.0114967667720407
2017-07-11,1.319895082090978,0.0011114336243355611,0.012459199637888219
2017-07-12,1.320526194314033,0.0011026424827436216,0.0006914964164224102
2017-07-13,1.325781097454783,0.0011053663349714995,0.0057732004565878015
2017-07-14,1.328379755081478,0.00109421114183593,0.0028256388733325366
2017-07-17,1.3341111268474468,0.0010953262367368293,0.006239930299670959
2017-07-18,1.327124767692949,0.0010870062638570401,-0.0075476310661599655
2017-07-19,1.3212599588784308,0.0010796782365105914,-0.0062938997761534665
2017-07-20,1.3274478376247627,0.00108120025617094,0.006651126964655418
2017-07-21,1.3159343454443917,0.001065208543014418,-0.012189904401878948
2017-07-24,1.3083198473941091,0.001057125695315912,-0.008002716797619769
2017-07-25,1.317763978833481,0.0010610970984414457,0.009965039640846385
2017-07-26,1.3167958019101795,0.0010521486972919936,-0.0010127828672210626
2017-07-27,1.3127837465375662,0.0010655222696746252,-0.0042516461006414374
2017-07-28,1.3079255279031052,0.0010699866989360872,-0.005168701877408921
2017-07-31,1.3014366573743532,0.0010656300306640068,-0.006874486122072199
2017-08-01,1.301448226942699,0.00105194290989775,1.2099049669700435e-05
2017-08-02,1.3073260280757408,0.0010477288451631447,0.006123668405024318
2017-08-03,1.3090826652668714,0.0010548366210175722,0.0018428322877355185
2017-08-04,1.304556483306734,0.0010517352685844351,-0.00473345505861289
2017-08-07,1.3024119109028132,0.0010455846888268964,-0.002229666696194954
2017-08-08,1.2997124161681717,0.0010477280949718058,-0.002812785057457745
2017-08-09,1.302438442506967,0.0010509102041203907,0.002849024933723854
2017-08-10,1.3009707264264116,0.0010663690283747532,-0.001556655121220274
2017-08-11,1.3020565758174916,0.001060049608812244,0.0011443742568104653
2017-08-14,1.3045684496753704,0.0010417271535733846,0.002601348482315302
2017-08-15,1.2998266111281596,0.001034093042246776,-0.0048762391556635976
2017-08-16,1.296790271557594,0.001025624213844282,-0.003097047023345567
2017-08-17,1.2967208803622874,0.0010371453242767482,-7.159457757666132e-05
2017-08-18,1.2948798528097298,0.0010336430577754343,-0.0018925554731907823
2017-08-21,1.2938096143939048,0.001026607234892001,-0.0010927037893111446
2017-08-22,1.301243832853008,0.0010183076977241024,0.007529353816210005
2017-08-23,1.3053417841203172,0.0010269992553868766,0.004186896217717617
2017-08-24,1.303816648892867,0.0010266065098823811,-0.0015573602750720283
2017-08-25,1.3001420643453077,0.001025328572621162,-0.0037475360665837343
2017-08-28,1.3053902318541573,0.0010211239170812598,0.005330320209864681
2017-08-29,1.3054726168476516,0.0010212209779006816,8.368981417561372e-05
2017-08-30,1.3055852730729174,0.0010216105773085298,0.00011448437358296815
2017-08-31,1.303369286026802,0.0010236614589482808,-0.0022564975957806155
2017-09-01,1.2980497421819688,0.0010199563323313489,-0.005396755166387379
2017-09-05,1.3034536212345593,0.0010286767644540318,0.005530097626831321
2017-09-06,1.3036169599841612,0.0010270003810220884,0.0001668489267530049
2017-09-07,1.3214663453744002,0.0010135844421547574,0.01799294456475309
2017-09-08,1.3298958749321366,0.001014831805095962,0.008510208538211828
2017-09-11,1.3536790099741751,0.0009985518160282006,0.023621116069762138
2017-09-12,1.357213056279838,0.0009979917367423717,0.003509126882676128
2017-09-13,1.3401051455766877,0.0010015395130697196,-0.017048461312015206
2017-09-14,1.3497505498102063,0.0009992026036749063,0.009588558255899216
2017-09-15,1.360791266428416,0.0010065301751237103,0.01105746311802136
2017-09-18,1.3652217167306184,0.0010109979743889949,0.004456415305668315
2017-09-19,1.3681922393162684,0.0010054916699978257,0.0029712266686487965
2017-09-20,1.3715127541789796,0.0010096631308995664,0.0033355895170359418
2017-09-21,1.362214116587896,0.0010064367172881391,-0.009309921606927674
2017-09-22,1.3605413553477692,0.0010040767479680447,-0.0016709324735586506
2017-09-25,1.36144008245038,0.0010285757993907217,0.0009199216190438619
2017-09-26,1.3605505329332575,0.0010293696269672295,-0.0009107864053135017
2017-09-27,1.360763273070245,0.0010200542289837795,0.00021582375882189808
2017-09-28,1.3569554459640052,0.0010133916076048312,-0.003838257753812968
2017-09-29,1.3580144165317674,0.0010070998668319192,0.001060881727994456
2017-10-02,1.3613670070441466,0.0010052080836579938,0.0033526921907593987
2017-10-03,1.3708741425045765,0.001003794146554905,0.009494275293320698
2017-10-04,1.3657284977785387,0.0010064361271013508,-0.005152491695241679
2017-10-05,1.3716015665918682,0.0009977133477252114,0.005829096629270225
2017-10-06,1.3632601932050377,0.000993176607681642,-0.008242336687715124
2017-10-09,1.3693092001035707,0.0009906029385515264,0.005962081963161836
2017-10-10,1.3758685566787976,0.000987860321931596,0.00644735100155458
2017-10-11,1.3728418282740298,0.000977664103373571,-0.0029442019306031852
2017-10-12,1.3759420403906508,0.000980618996233116,0.003025487437952279
2017-10-13,1.3746171114928216,0.0009757024752904777,-0.0012863754116949622
2017-10-16,1.3687458302619873,0.0009789142429342172,-0.005719926936478714
2017-10-17,1.3755627458743747,0.000985766850067164,0.006687706097125101
2017-10-18,1.3747643508576137,0.0009834124997237313,-0.0007812685478256753
2017-10-19,1.3733279926712914,0.0009905103897349605,-0.0014158558741712568
2017-10-20,1.3703460372689757,0.0009856768863472532,-0.0029245004021163368
2017-10-23,1.3722503587070576,0.0009858580106441007,0.001868153888182178
2017-10-24,1.363458113621584,0.0009779318075960573,-0.008555217250375335
2017-10-25,1.3540878553060074,0.0009683749083089741,-0.0090291041123578
2017-10-26,1.3534140321084547,0.0009656652112628755,-0.0006475765683831014
2017-10-27,1.3721768917155752,0.000966449752888006,0.01804774031475631
2017-10-30,1.372197650584603,0.0009635782947723942,1.9907496010773684e-05
2017-10-31,1.3712960420242122,0.0009640989146605223,-0.0008651505626176004
2017-11-01,1.3590370939007623,0.0009547234763260393,-0.011647681543450972
2017-11-02,1.3542250835714873,0.0009554899391196915,-0.004576592964554038
2017-11-03,1.3589842701335473,0.0009522588260827597,0.0045108422840769435
2017-11-06,1.3594695680731355,0.0009475365340830747,0.0004577006049828469
2017-11-07,1.3563540668689904,0.0009461116930470819,-0.002934136631893125
2017-11-08,1.3517841500680643,0.0009429431409663416,-0.004289458476534946
2017-11-09,1.3495945047671745,0.0009456934505024131,-0.0020614365654125777
2017-11-10,1.3549282650037047,0.0009478716421770674,0.005032865715179469
2017-11-13,1.3621145610675283,0.0009519193460446715,0.0068098327739107845
2017-11-14,1.357519117306396,0.0009470332343293398,-0.004331820725496982
2017-11-15,1.3638249305461936,0.00096175808815291,0.006037899736213603
2017-11-16,1.3702001716188288,0.0009534749488031302,0.006049631074603212
2017-11-17,1.3731326894069282,0.0009637978797074959,0.002813592292653766
2017-11-20,1.3764753999137602,0.0009626695423938848,0.003202729521120773
2017-11-21,1.3846913519526265,0.0009498295357977737,0.007766116740128837
2017-11-22,1.3811643164040701,0.000955179562571477,-0.0033536943933825114
2017-11-24,1.38041983630182,0.0009454571963200214,-0.0007005504468509116
2017-11-27,1.3774740334444657,0.0009420371436114587,-0.002762371083662174
2017-11-28,1.3764399494426396,0.0009339638080784168,-0.0009613714162242104
2017-11-29,1.3665797490597111,0.0009634485395837697,-0.009460336565865646
2017-11-30,1.3525333644001736,0.0009402970493085505,-0.013142693733698252
2017-12-01,1.3678580013633563,0.0009559480011230489,0.014585931957924458
2017-12-04,1.3512144658034893,0.0009850359139438156,-0.016323063919315928
2017-12-05,1.3525741686992314,0.0009747040690974975,0.0013186599190362358
2017-12-06,1.3593440267966639,0.0009644958067858949,0.0064974124999253036
2017-12-07,1.3576055076059834,0.0009502519680712926,-0.0016440126191525906
2017-12-08,1.3471689798721085,0.0009402132852690918,-0.009766658046657994
2017-12-11,1.3586476368983504,0.0009421198581959642,0.01076590739418748
2017-12-12,1.3601315065187467,0.0009331476467939458,0.0013783117728678462
2017-12-13,1.3547580280745042,0.0009343716244986971,-0.004998667101659748
2017-12-14,1.3614813604812597,0.0009375707670864047,0.006275824988591694
2017-12-15,1.3638243386502507,0.0009302214729329681,0.0021696070793382205
2017-12-18,1.3645853712478415,0.0009324136996093476,0.000706490958066297
2017-12-19,1.3687180981653118,0.0009440346603386849,0.003884624522214608
2017-12-20,1.3669391376346363,0.000944202452815726,-0.0016720999663561997
2017-12-21,1.3552190425799644,0.0009417881087299912,-0.010987626336344647
2017-12-22,1.3546267688004563,0.0009394680807572858,-0.0005539037306618866
2017-12-26,1.3548736102398429,0.0009369955252892315,0.00023024708357866075
2017-12-27,1.3437966030173663,0.0009286034913866064,-0.010239467471308217
2017-12-28,1.343104493785069,0.0009259459803271969,-0.0006380311806424288
2017-12-29,1.3433448451352668,0.0009286026815192164,0.0002222235689828267
2018-01-02,1.3424663262862333,0.0009246631143875251,-0.0008087440148187852
2018-01-03,1.3459092203495908,0.0009156242219607396,0.0031384329184902526
2018-01-04,1.358198221505127,0.0009122597462924508,0.011162605842230278
2018-01-05,1.3540637455831763,0.0008910928489230081,-0.0036679013722107356
2018-01-08,1.35267310416095,0.0008875359541580086,-0.0012292116849437207
2018-01-09,1.3571951355706862,0.0008892357291846825,0.00400506864292538
2018-01-10,1.3617442792046635,0.0008901996608751538,0.004033362160981824
2018-01-11,1.3609788633133406,0.0008838614003943639,-0.0006737518270369947
2018-01-12,1.3699701737080914,0.0008820352903081396,0.007898941564974393
2018-01-16,1.3663172653297198,0.0008798538487035011,-0.003201215201670493
2018-01-17,1.3653539461430186,0.0008684713451720941,-0.0008332295786885879
2018-01-18,1.3623867051539265,0.0008605582680739248,-0.002543480756230565
2018-01-19,1.3779523620528389,0.0008634117944796223,0.013389077593132015
2018-01-22,1.3718657145057678,0.0008521744876426068,-0.0051666467795143944
2018-01-23,1.3595264712845512,0.0008500021581371077,-0.010449271697467566
2018-01-24,1.3590671511780958,0.0008506796395834713,-0.0003892937799889751
2018-01-25,1.3645418341643614,0.0008461603474931688,0.004615151695503528
2018-01-26,1.3667237395181437,0.0008388434130497098,0.0018234655137234768
2018-01-29,1.368397978726348,0.0008487170809653269,0.0014159591643760905
2018-01-30,1.371517759934652,0.0008575147322860155,0.0026656093090764443
2018-01-31,1.3787483151081183,0.000852855504704595,0.0061432136016037475
2018-02-01,1.3940337224217327,0.0008428190186418331,0.012833862690996511
2018-02-02,1.4293819929881195,0.0008760967182892716,0.030864847882099866
2018-02-05,1.434709033933612,0.000910778956971762,0.004834260144548352
2018-02-06,1.4301609861244389,0.0008829122656967181,-0.00399757822614788
2018-02-07,1.4292981286607491,0.0008852534144115716,-0.0007608275355721617
2018-02-08,1.4297774781966368,0.0009298938103017449,0.0004441435083606393
2018-02-09,1.439371124306053,0.0009103941709758941,0.008694055529190337
2018-02-12,1.438911487858394,0.0008940030451583517,-0.0004091227780236295
2018-02-13,1.4567524384613058,0.0008949013578950434,0.015901011646690222
2018-02-14,1.447197751984226,0.0008766750520994335,-0.008340837090941022
2018-02-15,1.4454476689163338,0.0008648619849149398,-0.0015074920006554748
2018-02-16,1.4584090292903493,0.0008678904966045727,0.01120638285041764
2018-02-20,1.454137741119507,0.0008667607758438404,-0.0036879166836172317
2018-02-21,1.4477761002003096,0.0008780460110073439,-0.005564941970817472
2018-02-22,1.453579072550774,0.0008784086376657071,0.0050773547491189674
2018-02-23,1.4466496438487586,0.0008603227870160843,-0.005937153029606179
2018-02-26,1.4444746107750528,0.00084894149319958,-0.0018393179590816544
2018-02-27,1.442844871460644,0.0008572750720827371,-0.001392087600549985
2018-02-28,1.4464536976080087,0.0008602519907699689,0.0030929254454861166
2018-03-01,1.4578325148531388,0.000878262899248174,0.009957385916607109
2018-03-02,1.4662077801255644,0.0008755937232609844,0.007304310937399805
2018-03-05,1.4819368461188367,0.0008676789732404372,0.013593470344773095
2018-03-06,1.4837235400285758,0.0008735115057372376,0.0015547797040085243
2018-03-07,1.488034841309969,0.0008678909806393071,0.0037269918064453122
2018-03-08,1.483924447188694,0.000865282936689151,-0.0035429010463019495
2018-03-09,1.4889876017147217,0.0008494832381601879,0.004284046257140517
2018-03-12,1.4865770456399086,0.0008513153631034428,-0.002044607004734189
2018-03-13,1.4865438145814533,0.000858449630071209,-2.8423275892919264e-05
2018-03-14,1.4867152480913026,0.0008627599584877361,0.00014735475878069337
2018-03-15,1.483545729842853,0.000857000032221191,-0.0027058203399974445
2018-03-16,1.483182238893269,0.000849347494743365,-0.0003075518763182572
2018-03-19,1.4828935138289077,0.0008583802934532603,-0.0002469412186201225
2018-03-20,1.478375808971765,0.0008467820901446223,-0.003810738943400338
2018-03-21,1.4841247878512038,0.0008583109927000331,0.00491680880455192
2018-03-22,1.480050829028466,0.0008812409691510793,-0.0035773448766462934
2018-03-23,1.4858843265010426,0.0009035824910430005,0.0052512214586499795
2018-03-26,1.4858828745177395,0.0008765316645347566,-1.2671141007558617e-06
2018-03-27,1.4868083298332215,0.0009005283149718398,0.0008303098458668501
2018-03-28,1.4733690931747316,0.0009036603625638553,-0.012094696958058648
2018-03-29,1.4814888771298913,0.0008839480191854095,0.007146368723198293
2018-04-02,1.4666389127826414,0.0008930583071255114,-0.013210127201745081
2018-04-03,1.4639606902519309,0.000887037754531358,-0.002365904667271934
2018-04-04,1.466766917013413,0.000882556214775113,0.002466622865796353
2018-04-05,1.4676953613587655,0.0008725824385675576,0.0008068564145276014
2018-04-06,1.4609168260781882,0.0008982513037758079,-0.006066554034703131
2018-04-09,1.4529791092380193,0.0008900756392084732,-0.007035621746467768
2018-04-10,1.4663475382609066,0.0008759543140332111,0.011661405332574759
2018-04-11,1.4580592070129879,0.0008827746906620605,-0.007288530080955979
2018-04-12,1.4628434275415283,0.0008734408728882103,0.0041617903523274435
2018-04-13,1.4623130551934165,0.0008757371586817367,-0.00046266833589925227
2018-04-16,1.4455524395784145,0.0008676789813193261,-0.014484926409778609
2018-04-17,1.4594918342422116,0.0008543202605854443,0.011861584406659631
2018-04-18,1.4607273451163776,0.0008496860751456744,0.0010458406833322442
2018-04-19,1.4631681548164226,0.0008532246101515468,0.0020749374257604813
2018-04-20,1.4447473268554962,0.0008515878072514824,-0.015628387079885897
2018-04-23,1.4282820206397089,0.000849821409266351,-0.013940508200704471
2018-04-24,1.4472890837981893,0.0008720093736831821,0.016516319205521768
2018-04-25,1.441755445371858,0.0008724389170880702,-0.00480904925839809
2018-04-26,1.4206319203988689,0.0008324236938231984,-0.017509467064286355
2018-04-27,1.4147379488617269,0.0008394406733401122,-0.0049303840104073515
2018-04-30,1.4235420092927833,0.0008337250419247198,0.00731336136510663
2018-05-01,1.4322427499172314,0.0008296337979265791,0.007192509398777247
2018-05-02,1.4893654368222027,0.0008370003639154038,0.04764618826874312
2018-05-03,1.4856778109768283,0.0008317717798990255,-0.003056137174610285
2018-05-04,1.48764005786072,0.000825454513444591,0.0016139260608838413
2018-05-07,1.4823189005458264,0.0008184765550149956,-0.00433979867261769
2018-05-08,1.4861092615958995,0.0008144705074851558,0.0030764412520056794
2018-05-09,1.4762960615301928,0.0008086568120488292,-0.00790815931966904
2018-05-10,1.4930374380806672,0.0008076754221687615,0.013476153159359683
2018-05-11,1.4862077810730556,0.0008026833151263693,-0.005463493704723987
2018-05-14,1.483591900735588,0.0008063906776858733,-0.0021025117872568444
2018-05-15,1.4838902431082504,0.0008070631803858353,0.00023997946180998042
2018-05-16,1.4891801412455759,0.0008083496921124508,0.00426184846344313
2018-05-17,1.488627483934903,0.0008129852448798088,-0.000447813646189843
2018-05-18,1.4824360993426025,0.000812985444138181,-0.005016453166859947
2018-05-21,1.4803205832087312,0.0008084727961013347,-0.0017044806485273511
2018-05-22,1.4829731500312642,0.0008081652921025755,0.00213652235404993
2018-05-23,1.4803600527120122,0.0008010416568588816,-0.002086069924672529
2018-05-24,1.472001235841558,0.0008009810550094869,-0.006673207640062628
2018-05-25,1.4730780721822248,0.0008046790338652209,0.000863680841121095
2018-05-29,1.4783176490450955,0.000814479545297347,0.004253692086791716
2018-05-30,1.4848271370264672,0.000808595899856517,0.005245399788805116
2018-05-31,1.4713574769126616,0.0008081040612257374,-0.010848351856765248
2018-06-01,1.510143107390524,0.0008073064336497983,0.03120683677065017
2018-06-04,1.5031815271054345,0.0007939229492819997,-0.005507895912245431
2018-06-05,1.5099276827882462,0.0007910280645125608,0.005319007226916028
2018-06-06,1.508418976046759,0.000775335078668946,-0.0011658511104428726
2018-06-07,1.5081716317584455,0.0007893822890184081,-0.0001946669528365419
2018-06-08,1.5018887009935835,0.000784142531404294,-0.004910742783039268
2018-06-11,1.4994654365150704,0.0007889729307044589,-0.0019059215216543635
2018-06-12,1.5011796881814972,0.0007834495102837133,0.001338677410018363
2018-06-13,1.5009097049519728,0.000786114162215877,-0.0002115726030069709
2018-06-14,1.493533980042645,0.0007826418719981239,-0.005754066508615097
2018-06-15,1.4940271899027637,0.0007820658043448695,0.00038450656509780856
2018-06-18,1.4938490033617593,0.0007757877096225245,-0.00013779363985122473
2018-06-19,1.4951097766007035,0.0007820079627958556,0.0009829307450672786
2018-06-20,1.5045680016559808,0.0007797709610353575,0.007351939520162887
2018-06-21,1.5097279406436401,0.0007853589904892667,0.004039914057500482
2018-06-22,1.5060891001583485,0.0007807446464492742,-0.0028318993782363577
2018-06-25,1.506456766901083,0.0008068151293510099,0.00029577082648302166
2018-06-26,1.499387584364396,0.0007970181125146914,-0.0056150165593180645
2018-06-27,1.4915774251459635,0.0008062651047899023,-0.006276992512198376
2018-06-28,1.5020081294564502,0.0007958844730946976,0.0082732708158062
2018-06-29,1.5009393753627105,0.0007976154454570288,-0.0008496946786635817
2018-07-02,1.5090942039807436,0.0007973163240464513,0.006480732113431031
2018-07-03,1.5105714096225609,0.0008036446061422895,0.0011833347862477694
2018-07-05,1.509317064928899,0.0007926208222327766,-0.0009908386828101357
2018-07-06,1.5071161695530277,0.0007879206314604319,-0.0017284725619219898
2018-07-09,1.5017699527471842,0.0007796566810107909,-0.00415465173409757
2018-07-10,1.4933059563274562,0.0007730228650036108,-0.006522080905540406
2018-07-11,1.4944773180392712,0.0007649009941591372,0.0008931658200310721
2018-07-12,1.5042596791612883,0.0007553874112158438,0.0073666826000931
2018-07-13,1.4959564140209183,0.0007579727395763538,-0.006275265961221521
2018-07-16,1.4929114415759601,0.0007631977659221792,-0.0023171300947808504
2018-07-17,1.4968656965895142,0.0007567854032161345,0.0029834021847818804
2018-07-18,1.497802150959153,0.0007500555914136596,0.0007002847058856787
2018-07-19,1.4894607948111704,0.0007541537441964866,-0.006272611937276906
2018-07-20,1.4850228323811376,0.0007495795149385159,-0.0033167410513215145
2018-07-23,1.5032488097384198,0.0007546895208154028,0.013715633046842868
2018-07-24,1.5158670031644035,0.000754689684134054,0.009494869915158688
2018-07-25,1.52069581909215,0.0007409566624685217,0.003567075399928399
2018-07-26,1.4742097097310918,0.0007416800290011999,-0.03438031774496153
2018-07-27,1.460890387841145,0.0007510621278434016,-0.009975940395264615
2018-07-30,1.4684200413951098,0.0007742042179311439,0.005813563204782213
2018-07-31,1.4666464368818843,0.0007727415894647866,-0.0013662972018551045
2018-08-01,1.4740184860331793,0.0007643509094554513,0.005617161496275003
2018-08-02,1.4728643150632148,0.0007606852717957853,-0.0008752956264856948
2018-08-03,1.4575969334285583,0.0007558168468348511,-0.011504530749562036
2018-08-06,1.4611024066593867,0.0007564085499783863,0.002643776726387159
2018-08-07,1.4629727176944471,0.0007533522409588018,0.0014048168847295983
2018-08-08,1.4605649775299345,0.000751222261184413,-0.0018034283257293282
2018-08-09,1.4728244013307283,0.0007547967013241366,0.009226700808511623
2018-08-10,1.4689813572276222,0.0007563007581387869,-0.002897996883916676
2018-08-13,1.461516206452252,0.0007537259940641182,-0.005609986338242834
2018-08-14,1.4670299598385568,0.0007507974623451727,0.0041275004507497215
2018-08-15,1.4496176900938635,0.0007552791398286023,-0.013113348629843813
2018-08-16,1.463911123926142,0.0007502601907211677,0.010691867671596356
2018-08-17,1.4542109415274296,0.0007466701996337949,-0.007221623913494568
2018-08-20,1.4691474331550518,0.0007487247094238064,0.011151334830401538
2018-08-21,1.4666998569919347,0.0007535098863276643,-0.001839007770030321
2018-08-22,1.4640113115063023,0.0007476698764568634,-0.0020041743648846477
2018-08-23,1.460601671269847,0.0007426465440092386,-0.00252476325903217
2018-08-24,1.4685848758505997,0.0007318888232663142,0.005825729207714403
2018-08-27,1.4713082288835946,0.0007258800747732101,0.0019712713741739663
2018-08-28,1.4809606676368359,0.000726874553472732,0.006997053423617672
2018-08-29,1.4759481250610167,0.0007178741774198171,-0.0035883152195310686
2018-08-30,1.4735445035099766,0.0007192852848385355,-0.0017242973774784787
2018-08-31,1.4840913318725515,0.0007185550292030167,0.007558154248670235
2018-09-04,1.4836318221727687,0.0007141531237620955,-0.00032727340692417783
2018-09-05,1.4967819393654822,0.0007396945072165279,0.009703192964281016
2018-09-06,1.4892056986396023,0.000730377264475915,-0.005517509402665155
2018-09-07,1.4908107533968442,0.0007369720575197949,0.0011796774431047652
2018-09-10,1.485812780598731,0.0007324953248825625,-0.0036506059070688934
2018-09-11,1.483770077011089,0.0007254335586530294,-0.0014776627905064288
2018-09-12,1.476864494298533,0.0007201155854947719,-0.004959099064649308
2018-09-13,1.4880209498422623,0.000714971405717121,0.007954857810688054
2018-09-14,1.4910109955733493,0.0007139608072338581,0.002129112213509643
2018-09-17,1.4976156004051053,0.0007220268597414377,0.004756395351250831
2018-09-18,1.507415048839403,0.00071497145555692,0.006987083067770072
2018-09-19,1.4969062974140377,0.00071598443808104,-0.007504250686906744
2018-09-20,1.500266016498195,0.0007072967312900405,0.0023698678210450907
2018-09-21,1.495644897623796,0.0007034973347107773,-0.003242433098762376
2018-09-24,1.5012919050775049,0.0007079101445487187,0.003987444637459703
2018-09-25,1.5018060636436683,0.0007056967686747258,0.00036189251508744746
2018-09-26,1.505855693448179,0.0007071550265970582,0.002856356297883167
2018-09-27,1.498720275456057,0.0007036372484769685,-0.005007615367730978
2018-09-28,1.500001891206929,0.0007033107758282402,0.0008990592855298019
2018-10-01,1.5008196699480962,0.0007000615684808001,0.0005710148011530691
2018-10-02,1.502586138804395,0.0007052743871841217,0.0012427250963753522
2018-10-03,1.5107183470558034,0.0007066841055863407,0.005732147720749481
2018-10-04,1.489634942686366,0.0007191877591403114,-0.015125045012638338
2018-10-05,1.4855043564676056,0.0007260784856925705,-0.002991254097366891
2018-10-08,1.4861275246126866,0.0007437387722121384,0.0004622713155697511
2018-10-09,1.4923835928155686,0.0007415566648567062,0.004625914841852818
2018-10-10,1.4696798379688882,0.000778492256875596,-0.017629491060887403
2018-10-11,1.4726878359904791,0.0007888497355326838,0.002365656753852363
2018-10-12,1.4763221368249049,0.0007534039937382921,0.0027285991975247725
2018-10-15,1.4780036002077024,0.0007688492289956952,0.0012891613094154764
2018-10-16,1.484240290552334,0.0007445227623741657,0.004628380935201903
2018-10-17,1.4740905632863495,0.0007408318123517223,-0.00749753369908035
2018-10-18,1.4801084488102758,0.0007575435706404632,0.00454646746041476
2018-10-19,1.4678168326083172,0.0007532958053103987,-0.00923155184042912
2018-10-22,1.4722453618670164,0.0007503130634166317,0.0033129909575393413
2018-10-23,1.473284479577754,0.0007584641618184631,0.0007858943398559859
2018-10-24,1.4757764915643499,0.0007857540193298619,0.0019527171970139534
2018-10-25,1.4713907810364166,0.0007509512847127319,-0.003282129955664459
2018-10-26,1.4518524287414496,0.0007660190166388688,-0.014924943589221584
2018-10-29,1.4400456213593325,0.0007853472698512452,-0.009245822739245568
2018-10-30,1.4318097451011473,0.000794577699619803,-0.0065237808943550135
2018-10-31,1.4517849873779207,0.0007654130300034251,0.01523628864180182
2018-11-01,1.4359348613503677,0.0007493069852767574,-0.011839347601039663
2018-11-02,1.4322376320651116,0.0007549032784030191,-0.0027830876026371243
2018-11-05,1.433884941951847,0.0007547959523091326,0.001239730378671311
2018-11-06,1.4322357712630673,0.0007495184968707169,-0.0012324059972570467
2018-11-07,1.4561993884016604,0.0007289728736606967,0.017415582824156672
2018-11-08,1.456136466035445,0.0007267253533504604,-4.56009687468395e-05
2018-11-09,1.4465474234455111,0.0007332542839556679,-0.007012347590006129
2018-11-12,1.4431413847110908,0.0007552250359606782,-0.0025656019286373066
2018-11-13,1.4361322516623265,0.0007552257324304414,-0.005277919523820174
2018-11-14,1.4341890231474261,0.0007564639890146593,-0.0014656756540034621
2018-11-15,1.4302134937732347,0.0007426742562570567,-0.002943513898543415
2018-11-16,1.4350598926348388,0.0007514195619576956,0.0036315522184509064
2018-11-19,1.4196998907721807,0.0007814618027282388,-0.011971073367703866
2018-11-20,1.4175910115170354,0.0007895573454948491,-0.0016599601485722815
2018-11-21,1.4110555137002925,0.0007834274038005099,-0.00510344813062602
2018-11-23,1.3891236743141462,0.0007925098167398721,-0.01732761547717132
2018-11-26,1.4261690097858755,0.0007747204145429987,0.0286032336802009
2018-11-27,1.4350558786466903,0.0007748897362183025,0.006865094874257238
2018-11-28,1.4460080061318263,0.0007450777861802267,0.008133144139350179
2018-11-29,1.4290340125450807,0.0007572207751711202,-0.012817422962768887
2018-11-30,1.4340433786383238,0.0007433517994032369,0.0037123349054297705
2018-12-03,1.4626520522688022,0.000726574843301258,0.02072452749735021
2018-12-04,1.461605103838557,0.0007597181617758076,-0.0007934108517133609
2018-12-06,1.4545788647003919,0.0007468110053201914,-0.005231164821850598
2018-12-07,1.4485312726608501,0.0007681466360519875,-0.004632823736898217
2018-12-10,1.4518230611900755,0.0007638826909616464,0.0025068225861559768
2018-12-11,1.460780610439592,0.0007698220060994031,0.006875314860593562
2018-12-12,1.4689938196288514,0.0007643237892491631,0.0062581442751081795
2018-12-13,1.4620859107462243,0.0007657599430905706,-0.005273948050188437
2018-12-14,1.4614068107139713,0.00077956498572389,-0.0005278608931575945
2018-12-17,1.4648836783828416,0.0008013195846736168,0.0027778554772339703
2018-12-18,1.4598614524548594,0.000793757406653762,-0.003973055955214022
2018-12-19,1.4409488996733884,0.0008021692749673561,-0.015123008118081316
2018-12-20,1.434230790962012,0.0008176419939870779,-0.005475559907551997
2018-12-21,1.425024125364447,0.0008470457041447105,-0.007773656547186647
2018-12-24,1.449903906632442,0.000864522603740123,0.02143345348113712
2018-12-26,1.4468868780461515,0.0008084755451819917,-0.0024287489423215902
2018-12-27,1.444675833561628,0.000797641208550168,-0.0017575563842910924
2018-12-28,1.436988071272417,0.0008041171927101063,-0.006161994983671093
2018-12-31,1.4450696564063565,0.000798061542361474,0.006427898561582879
2019-01-02,1.4427692695202974,0.0007922140453091585,-0.0018163573971037295
2019-01-03,1.4292595936520125,0.0008216348871288857,-0.011066876356636612
2019-01-04,1.434990158875916,0.0007879147736691995,0.004498364119086773
2019-01-07,1.4205393592533266,0.0007740410507525669,-0.011148633149446141
2019-01-08,1.4230412195909017,0.0007698780816792983,0.0019201299756446133
2019-01-09,1.4319802051404456,0.0007609745114249049,0.0067811318799897435
2019-01-10,1.4379286126768982,0.0007595559672063004,0.00450462529479978
2019-01-11,1.4366234172089534,0.0007628923778438513,-0.0009927899627371062
2019-01-14,1.443165773019746,0.0007682030209401981,0.005010999693269014
2019-01-15,1.4486854903400836,0.0007668688268870693,0.0042200002095000855
2019-01-16,1.457879104440341,0.0007668687812526223,0.007028954754275674
2019-01-17,1.4698569519397555,0.0007672017626365977,0.009161633193855323
2019-01-18,1.476604256879025,0.0007604827536535703,0.00511540164390567
2019-01-22,1.4629083108445997,0.0007629472248821422,-0.010418355203711371
2019-01-23,1.4657136356338276,0.0007687047877810669,0.002150097989982669
2019-01-24,1.4689545307055578,0.0007648754785079183,0.0024712705381659816
2019-01-25,1.4816240816606805,0.0007595560960924242,0.00959386228743142
2019-01-28,1.4901492229821902,0.0007744363791596576,0.006583311656271462
2019-01-29,1.4942035005444254,0.0007800817444809954,0.003153050244009137
2019-01-30,1.501125088259254,0.0007654288364617723,0.005280811733229029
2019-01-31,1.5827845867532029,0.0007800238432910849,0.06351140916862619
2019-02-01,1.544502575385293,0.0007515806743981663,-0.02867578286884509
2019-02-04,1.5377473061074416,0.0007444491042669354,-0.005014042926489992
2019-02-05,1.533369224487252,0.0007390981429745662,-0.003226452680848979
2019-02-06,1.5405694066542686,0.0007445010138825613,0.005345642308071774
2019-02-07,1.5454829959790353,0.000751472975139766,0.003682063495773491
2019-02-08,1.5619298142458222,0.0007503553253511309,0.012304928720283215
2019-02-11,1.5611068436011557,0.0007481294734334042,-0.0006138911534776526
2019-02-12,1.5609259525607977,0.0007418938426855309,-0.00013380839459387062
2019-02-13,1.5561337992263475,0.0007341797233970272,-0.0035081095090276904
2019-02-14,1.5518477804414763,0.0007345878938670434,-0.0031397025081219
2019-02-15,1.5491398792269857,0.0007257633345777087,-0.0019596924907432367
2019-02-19,1.543559925416807,0.0007281121851125458,-0.0040518393416846266
2019-02-20,1.544066345368603,0.000726660955445842,0.0003669835288917511
2019-02-21,1.539288303756398,0.0007303252681934585,-0.0034800936422527684
2019-02-22,1.547272379499704,0.000721011494468625,0.005740358833691062
2019-02-25,1.5453115195443694,0.000720078296704307,-0.001408166885795481
2019-02-26,1.5397049943167753,0.000715303539437405,-0.003999474457714314
2019-02-27,1.5416964718924158,0.0007144332180765544,0.0014190013737902518
2019-02-28,1.533743222113085,0.0007101139274054474,-0.00563261982179597
2019-03-01,1.5366067865563406,0.0007037320620409003,0.0020098291792578493
2019-03-04,1.5456984755849348,0.0007108776117484416,0.006446816224212171
2019-03-05,1.545372394673929,0.0007109257132297494,-0.00023121278263715794
2019-03-06,1.5349223616524448,0.0007115959091023154,-0.0074167752992764235
2019-03-07,1.530954155124588,0.0007163212514341287,-0.0028351539118602886
2019-03-08,1.5218727565409527,0.000713806020437847,-0.006465028510177717
2019-03-11,1.513622552330343,0.0006981545306095076,-0.005744091671118667
2019-03-12,1.5116767407918847,0.0006932999596060787,-0.0013455756191547152
2019-03-13,1.5146578528722785,0.0006899512119107233,0.0020516442207281216
2019-03-14,1.5043469769320053,0.000682246548716158,-0.0070168046675007645
2019-03-15,1.5029046735320837,0.0006767419494507356,-0.0009736699419420347
2019-03-18,1.5026616783436075,0.0006789155497131805,-0.00016458273520925104
2019-03-19,1.5102754490389614,0.0006805331369276912,0.005169064168399018
2019-03-20,1.5111949611389586,0.0006842338151114703,0.0006276626331498392
2019-03-21,1.530021576041173,0.000675271734801008,0.012681387367393882
2019-03-22,1.5236870587893858,0.000687259128331779,-0.0043434842439751264
2019-03-25,1.5218191199520674,0.0006874381846004447,-0.0012809444085348787
2019-03-26,1.51826046435155,0.0006774361607702968,-0.0024046817547969113
2019-03-27,1.523804023208366,0.0006821581425328964,0.0037726810081437634
2019-03-28,1.5346365779249855,0.0006801825568673821,0.007350198679318964
2019-03-29,1.5236193108982798,0.0006735934102149688,-0.007402982032289174
2019-04-01,1.5362836839359684,0.0006690308445007695,0.008452597163227438
2019-04-02,1.532637873063236,0.0006668354070462802,-0.0024254554245146664
2019-04-03,1.5239778479078214,0.0006639862543734013,-0.005736714374336316
2019-04-04,1.5135130436070234,0.000667424824828731,-0.006968588532487274
2019-04-05,1.5170089760654575,0.0006673827106948635,0.002327712723683817
2019-04-08,1.5158750054431103,0.0006669613219593089,-0.0007545584222441448
2019-04-09,1.5160589634101065,0.0006680577701877958,0.0001226107795559983
2019-04-10,1.5131824832397849,0.0006635694256578726,-0.001904252197761025
2019-04-11,1.513339389257793,0.0006664990640580689,0.00010433985184477024
2019-04-12,1.5141503975713302,0.0006590995984211225,0.0005332725681626016
2019-04-15,1.5086464299079174,0.0006558271447373047,-0.003601399584539422
2019-04-16,1.516503654668038,0.0006566829572046433,0.005148160220755926
2019-04-17,1.520276941285737,0.0006558271002847668,0.0024690448587705305
2019-04-18,1.5222478531745676,0.0006569688969779524,0.001291932926676509
2019-04-22,1.5335584562071867,0.0006559899509941062,0.007402895338032067
2019-04-23,1.524447280770571,0.0006508986376612235,-0.005916945337901325
2019-04-24,1.5372405049569544,0.000651580939670241,0.008317425688943558
2019-04-25,1.5437654673246954,0.0006534747825691196,0.004254503712559199
2019-04-26,1.5323903321043462,0.0006458463646689733,-0.007329858993756488
2019-04-29,1.5237634007736962,0.0006410656751348095,-0.0055182108440874345
2019-04-30,1.5647288321698152,0.0006399783608868881,0.02616049061339254
2019-05-01,1.5466056407885578,0.00064639918173106,-0.01169021523929814
2019-05-02,1.5527339210642956,0.0006530708344642312,0.003993640535270515
2019-05-03,1.5487079110096387,0.0006493787252863139,-0.0026085247659182187
2019-05-06,1.550695064264454,0.000648422055654528,0.001285669484701657
2019-05-07,1.5481344671988384,0.0006567641837041378,-0.001678108052431071
2019-05-08,1.5445433803385942,0.0006545274976912342,-0.0023451437736525804
2019-05-09,1.5535432293054356,0.0006584014489647455,0.005912421923255806
2019-05-10,1.5582129230803325,0.0006547300642307429,0.0030504056552445036
2019-05-13,1.5528138815298322,0.000668733895131288,-0.003602782570794716
2019-05-14,1.553678903238562,0.0006567645593155015,0.0005667480147337756
2019-05-15,1.549036286482834,0.0006463994731703144,-0.002994032676866709
2019-05-16,1.553280704156792,0.0006373014146720768,0.0026989129522121402
2019-05-17,1.5553153641429274,0.0006403182603091077,0.0013000875293585068
2019-05-20,1.5669848652255152,0.0006427367955643531,0.0074844578506088055
2019-05-21,1.5748036919013901,0.0006412133452288298,0.0050026640460316685
2019-05-22,1.5806444329971936,0.0006397359674496408,0.00372846690063966
2019-05-23,1.5626006453532413,0.00065050423722237,-0.011713259770800732
2019-05-24,1.5625417816609963,0.0006460036137300376,-3.794106396526331e-05
2019-05-28,1.5643574188308043,0.0006417983214825883,0.0011627014863222485
2019-05-29,1.574551213234478,0.0006456475496069765,0.006567592399164823
2019-05-30,1.5782004169517836,0.0006455292550896221,0.0023505367432505864
2019-05-31,1.575303925451755,0.0006512267802325925,-0.001882236630819989
2019-06-03,1.543735716450888,0.000662388138525455,-0.020865654920612542
2019-06-04,1.5511760673344808,0.0006472321357396051,0.004804148171643874
2019-06-05,1.5657077631898029,0.0006353056461657968,0.009211168225874644
2019-06-06,1.5609384633621375,0.0006295053363420809,-0.0029958502285296618
2019-06-07,1.5794802986983305,0.000617962708821965,0.01143356266709361
2019-06-10,1.5742262562096931,0.0006151874744976702,-0.0032256899968388097
2019-06-11,1.5644795850877888,0.0006170227421539906,-0.00600203867125515
2019-06-12,1.553930858562844,0.0006124372184773734,-0.006447344435770219
2019-06-13,1.558613353505811,0.0006205070358730319,0.002899942122724042
2019-06-14,1.5492678969644305,0.0006193780223041659,-0.005776641968594731
2019-06-17,1.544798373027518,0.0006197415650361476,-0.002764382119721631
2019-06-18,1.5450070836902094,0.0006207627920935528,0.000129299634210156
2019-06-19,1.538545610130753,0.0006156543964478267,-0.00396987044416619
2019-06-20,1.551714244844752,0.0006048862846505627,0.007949157570806165
2019-06-21,1.540968178056968,0.0006059284854853095,-0.006498860700190789
2019-06-24,1.5421148893057028,0.00060450465688314,0.0006918482309288265
2019-06-25,1.5324319334790115,0.0006135412643289897,-0.005929802235243642
2019-06-26,1.5435992000510597,0.0006143276621242672,0.006846834367735255
2019-06-27,1.5409383676944985,0.0006137200978997925,-0.001629764752351548
2019-06-28,1.5403034169577332,0.0006055459054216698,-0.0003837123351502214
2019-07-01,1.5498269238461255,0.0006041931274823383,0.005742896426625066
2019-07-02,1.5598849900392007,0.0005995907163209795,0.006018978006125053
2019-07-03,1.5602378604343146,0.0005942196795450972,0.00020927903068468368
2019-07-05,1.556729076864811,0.0005949232319161536,-0.0020835819216813434
2019-07-08,1.557535694085817,0.0005965047991537503,0.00048025839817000815
2019-07-09,1.5560593550089337,0.0005913542566668672,-0.0008713766671348822
2019-07-10,1.5538617626137559,0.0005861614222790567,-0.0012857297853088312
2019-07-11,1.558004178140725,0.0005815394019061348,0.0024045450817311576
2019-07-12,1.568370276478123,0.0005828570724760488,0.00603120709081395
2019-07-15,1.565378843572958,0.0005820850726801847,-0.001738136863082218
2019-07-16,1.5608668764144433,0.0005861613135233667,-0.00264007072860295
2019-07-17,1.554698511331683,0.0005866831019149266,-0.0036123249799970836
2019-07-18,1.5512111973129794,0.0005822135578003469,-0.0020266210003683227
2019-07-19,1.555687138374676,0.0005863894887103553,0.0026200099987931935
2019-07-22,1.5610916100748589,0.0005820851131244782,0.0031400753979369256
2019-07-23,1.5602782820035117,0.0005810266525061105,-0.000471716734864458
2019-07-24,1.5467032706397872,0.0005733507302902617,-0.007769018181079446
2019-07-25,1.5564322721161588,0.0005788263240938065,0.0056217848603523635
2019-07-26,1.5536613601351437,0.0005722306439504643,-0.0015827331011450951
2019-07-29,1.5542418410364693,0.0005737249627748827,0.00033246210989545943
2019-07-30,1.5503589948466125,0.0005790168121157232,-0.0022443865498189552
2019-07-31,1.5476221023908812,0.0005904602996470063,-0.0016132710644001236
2019-08-01,1.548178225712941,0.0005866179891479165,0.00032562486200049534
2019-08-02,1.5366307169366615,0.0005923838678666219,-0.006828368681851771
2019-08-05,1.5389187845036896,0.000622300424016526,0.001421490056230823
2019-08-06,1.5525673425433055,0.0006092888890031037,0.00829836617307933
2019-08-07,1.5541817666835007,0.0005994545196894601,0.0009658286685407802
2019-08-08,1.5636861486080498,0.0005842457602852126,0.005541892534779436
2019-08-09,1.553715043778678,0.0005870095335120858,-0.005842680696446223
2019-08-12,1.549173015446895,0.0005959991981036797,-0.002702267196639241
2019-08-13,1.555108702658262,0.0005884509078352418,0.0034861695503423107
2019-08-14,1.5577943114634472,0.0006056847794034325,0.0016238283416782906
2019-08-15,1.558369804046676,0.000595379161732151,0.0003419542294409439
2019-08-16,1.5552465961129618,0.0005888543672291185,-0.0018356094873865914
2019-08-19,1.5629973212813681,0.0005839241640899749,0.0045174278017725555
2019-08-20,1.5615829324703763,0.0005855475397159656,-0.0008267088654747567
2019-08-21,1.5746136015947978,0.0005800645154777389,0.007544709669787153
2019-08-22,1.5751318480993315,0.0005827932034927093,0.00030149837203907737
2019-08-23,1.5676476363578113,0.000598899860811639,-0.0044746797985908415
2019-08-26,1.5725997783726235,0.0005909692035643117,0.0029208995769636203
2019-08-27,1.566861938990168,0.0005883608764215581,-0.0033696522561399433
2019-08-28,1.57332290361965,0.000587409080195293,0.003788277942021523
2019-08-29,1.569158802574644,0.0005793306608974434,-0.002407886306286855
2019-08-30,1.5721159864541674,0.0005804481433187396,0.0017134586703946297
2019-09-03,1.5792113152991076,0.0005856778364994865,0.004148306319564199
2019-09-04,1.5901630869801076,0.000577424538097892,0.0063120704421066876
2019-09-05,1.5974014640237435,0.0005682023071333881,0.004105396334637135
2019-09-06,1.5849708991479903,0.0005651222313706788,-0.00701265344184776
2019-09-09,1.5769062694031968,0.0005781218532704373,-0.004654792702865507
2019-09-10,1.560244054222094,0.0005951096777300525,-0.009899314483845956
2019-09-11,1.5586649305628217,0.0005997526734929912,-0.0009453428493770843
2019-09-12,1.5689641298818853,0.0005896785849395949,0.006061355631175047
2019-09-13,1.5748082354494275,0.0005920320772544622,0.0034536014370019075
2019-09-16,1.572359538753601,0.0005959179508196613,-0.0014565599217917224
2019-09-17,1.5817131262354336,0.0005947737962039301,0.0055528246969061
2019-09-18,1.5855713941081717,0.0005986957005851852,0.0023056772187146635
2019-09-19,1.5842032320678896,0.0005964242120419645,-0.0008144540935290934
2019-09-20,1.574015885384517,0.0006029112956105574,-0.006130797554988021
2019-09-23,1.5777537112049904,0.0005999920181833099,0.0022383379176176277
2019-09-24,1.569929387017626,0.0006014651783347813,-0.004697183310611308
2019-09-25,1.5721224400281173,0.0005987298006731571,0.0013105252347145324
2019-09-26,1.5753645442359465,0.0005974731832695219,0.001933400103951044
2019-09-27,1.5627213102412794,0.0006031182255190399,-0.007611288966245411
2019-09-30,1.5949670733823904,0.00061007028304763,0.019635368105525686
2019-10-01,1.5706565027369035,0.0006021186305235967,-0.01460852099233989
2019-10-02,1.5733732686008137,0.0006178717155767581,0.0016755719025240978
2019-10-03,1.5680018799083828,0.0006070466001416831,-0.0032539363929799947
2019-10-04,1.5733789056815264,0.0005963569225070953,0.0032002092267475746
2019-10-07,1.572315676018727,0.0006000260959235575,-0.0006367845299450892
2019-10-08,1.566845622341901,0.0006086248391356091,-0.0033230745146966
2019-10-09,1.5746616815090098,0.0006000945901285267,0.004681003142309237
2019-10-10,1.5838530288421484,0.0006000944795520419,0.005505222595104442
2019-10-11,1.5762947278171042,0.0005927319973384226,-0.0044713592453717865
2019-10-14,1.5762826727684913,0.0005917328606145208,-7.120117459180619e-06
2019-10-15,1.5763608605033077,0.0005871471738104491,4.58217323853205e-05
2019-10-16,1.5824898410630033,0.0005900420558127439,0.003609839923626623
2019-10-17,1.571920435306849,0.0005898106470130139,-0.006222494840642412
2019-10-18,1.5580315922996004,0.0005972696222297211,-0.008280532606590896
2019-10-21,1.5726142091114517,0.0005948410674369665,0.008657918927440278
2019-10-22,1.5468312081285234,0.0006141608759053353,-0.015807237909882588
2019-10-23,1.5401847339262833,0.00061251830731184,-0.004062984332733777
2019-10-24,1.5431966155152526,0.0005957496563967208,0.0017906107634644286
2019-10-25,1.5367554142878903,0.0005901080847379161,-0.003793771957361969
2019-10-28,1.551962278620709,0.0005836006217024082,0.008858100941438352
2019-10-29,1.5619492992975754,0.000590836319816636,0.005890333749107413
2019-10-30,1.5640007771242508,0.0005855150845637191,0.001198922897515331
2019-10-31,1.5654890292563717,0.000586787186616997,0.0008717136520317581
2019-11-01,1.560125125302764,0.0005800965662298534,-0.0031058078569685676
2019-11-04,1.5619875896701398,0.0005864930331883122,0.001090420918046675
2019-11-05,1.5428718123583083,0.0005950425186467182,-0.011354627471291678
2019-11-06,1.5442283295267927,0.0005937008499326651,0.0008038567077051084
2019-11-07,1.5464700933811693,0.0005881965956867737,0.0013161058901687284
2019-11-08,1.5536561095422081,0.0005864278494784141,0.00420634538147624
2019-11-11,1.5606123210731955,0.0005845724295241673,0.004058985976939766
2019-11-12,1.5596903097583887,0.0005839241144234088,-0.0005374114036271749
2019-11-13,1.5677712314639365,0.0005849943956174381,0.004718813586691795
2019-11-14,1.5709705732636676,0.0005829185454688824,0.001861564300952523
2019-11-15,1.5772462092079518,0.0005828542420456107,0.003651216455011763
2019-11-18,1.5786771964607116,0.0005832096640403227,0.0008330701593877166
2019-11-19,1.576414202969499,0.0005733186056981779,-0.0012950120495247575
2019-11-20,1.5863955016657947,0.0005768101771487012,0.0057474174955132185
2019-11-21,1.59678137498466,0.0005824664147426389,0.0060389789608734645
2019-11-22,1.5899986662817962,0.0005838250591797004,-0.00395285167030579
2019-11-25,1.6048711645548766,0.0005790021145494953,0.008595470437683161
2019-11-26,1.6008350173834354,0.0005740073316723439,-0.0023126068933834176
2019-11-27,1.5977365154389287,0.000568359310779853,-0.0017579361326056642
2019-11-29,1.59941013423737,0.0005679293216514152,0.0009488686301892812
2019-12-02,1.591376082075343,0.0005763990152299181,-0.004623131991991158
2019-12-03,1.5938204826759057,0.0005760517189440068,0.0014056247151756907
2019-12-04,1.6038691059460148,0.0005801841668358028,0.005819960984979389
2019-12-05,1.6092219986729879,0.0005760832045049864,0.003078154255433674
2019-12-06,1.6098129076749166,0.0005752006440948638,0.0003392930364043423
2019-12-09,1.5958628986141365,0.0005728498722813481,-0.007977169723403676
2019-12-10,1.599091330672984,0.0005749174426472015,0.0018528809285953685
2019-12-11,1.6092552801331739,0.0005757046816139263,0.0058412300577401766
2019-12-12,1.6156598663673873,0.0005737254514677568,0.0036679920077631323
2019-12-13,1.6150285996847333,0.0005660030655172491,-0.0003566609747736038
2019-12-16,1.6102207389618464,0.0005626704815224947,-0.0027005979982277495
2019-12-17,1.611226041373137,0.0005648473688907898,0.0005668960130833511
2019-12-18,1.6097546038533754,0.0005667352598971784,-0.0008325141508294109
2019-12-19,1.6106982323405616,0.0005617684390987525,0.0005291837661047794
2019-12-20,1.603800650462004,0.0005574192449173491,-0.0038383156697250342
2019-12-23,1.6046459107563626,0.0005601518472821853,0.00047270026101386975
2019-12-24,1.601596134352315,0.0005586930611906989,-0.0017010383059528067
2019-12-26,1.597320096671087,0.0005540114025057484,-0.002364987279918296
2019-12-27,1.6035600772282974,0.0005533406695085128,0.0034471912883304867
2019-12-30,1.6006695925780607,0.0005579221099825666,-0.0016100822812177285
2019-12-31,1.604727378840543,0.0005577148958112235,0.002259345589266104
2020-01-02,1.6030712711320232,0.0005483470938783216,-0.000906575305862134
2020-01-03,1.6001608332959585,0.0005527296310088836,-0.0016061505004358878
2020-01-06,1.6078666348102646,0.0005539238220781284,0.004261524305661624
2020-01-07,1.6066950971902563,0.0005553871752034145,-0.0006496014553363239
2020-01-08,1.6075206630819265,0.0005460680313580475,0.0004500534266753675
2020-01-09,1.6173613353231524,0.0005423208549859067,0.005328221887054951
2020-01-10,1.6238328241301332,0.0005408695734615733,0.0034947189553236058
2020-01-13,1.6317743119329096,0.0005365625049886675,0.004254361944560969
2020-01-14,1.6023181552474135,0.0005345975590111268,-0.015722834617122317
2020-01-15,1.5904642870805337,0.0005245914703117428,-0.006208622117185314
2020-01-16,1.6117161453752913,0.0005215975299966433,0.011068416791886193
2020-01-17,1.5988794913210573,0.0005120672817632703,-0.006563328276740776
2020-01-21,1.5705015691009094,0.000505685611573111,-0.014329633116972218
2020-01-22,1.5773795679805422,0.0005042055153257505,0.0034631276144523326
2020-01-23,1.5911830761615249,0.0005075661414260095,0.006996724741895832
2020-01-24,1.5965409501709749,0.0005113198202255806,0.002735844127926157
2020-01-27,1.5831853286815876,0.0005196887746076494,-0.006931317814633076
2020-01-28,1.5964926755443296,0.0005167249650709792,0.0068661803434793
2020-01-29,1.5811502129759736,0.0005116683764762619,-0.007838806854408631
2020-01-30,1.5757905976617377,0.000503456734053706,-0.002694427744359018
2020-01-31,1.6055726569028361,0.0005267735753852275,0.015668873969389097
2020-02-03,1.6340702037732284,0.0005219601347266092,0.014852130314466194
2020-02-04,1.6349203854099903,0.0005149275336314554,0.0004371272022467565
2020-02-05,1.636974349395563,0.0005168266290718941,0.0010600432430010187
2020-02-06,1.639997330152869,0.0005162427199141275,0.001558351384744583
2020-02-07,1.6309847659331294,0.00051700449192076,-0.0046528931779334926
2020-02-10,1.6213546598349082,0.0005088687378526883,-0.004893230810694149
2020-02-11,1.6407498870135615,0.0005139704065152122,0.009954956557919559
2020-02-12,1.6289405617331703,0.000505320858131227,-0.005958774107170939
2020-02-13,1.6350315074529918,0.0005046889353626958,0.003069799236243398
2020-02-14,1.6371084049135507,0.000497770304958511,0.0010323648530174978
2020-02-18,1.6314603021302296,0.0004956308236966432,-0.002795603237245814
2020-02-19,1.6310256381158554,0.0004907399857339602,-0.00021301908356008425
2020-02-20,1.6448127103204953,0.0004950461772479038,0.006816497522834197
2020-02-21,1.642678216833962,0.0005012895284924087,-0.0010686170062967904
2020-02-24,1.649110110093408,0.0005264887257627682,0.0033821727062672835
2020-02-25,1.6234241673806478,0.0005554372109666296,-0.01424800456425146
2020-02-26,1.607554657640112,0.0005589571617659041,-0.008856014048831184
2020-02-27,1.603270106633182,0.0005812404562750846,-0.002486540739312204
2020-02-28,1.612398420280511,0.0005756627971366657,0.005245283594263128
2020-03-02,1.6103922322233744,0.000544121839609811,-0.0010895053216017914
2020-03-03,1.587550314616764,0.000563397153164998,-0.012850151349255157
2020-03-04,1.5714249547898609,0.0005386486056713759,-0.00867010209253749
2020-03-05,1.5701782296924403,0.000559702110618389,-0.0006967955500272183
2020-03-06,1.5719383083125407,0.0005675705128497591,0.000997352318108824
2020-03-09,1.546057742935417,0.0006112916705163109,-0.015797647826360617
2020-03-10,1.551465714876307,0.0005730237928892053,0.003092113550792419
2020-03-11,1.5748533609940192,0.0006048824957412951,0.014124849098379855
2020-03-12,1.5235237945043574,0.0006533147088014878,-0.03348004061368215
2020-03-13,1.550482593086955,0.0005950110807198821,0.015999242527414026
2020-03-16,1.5652461058839826,0.000687838721289015,0.010142015254189118
2020-03-17,1.5214754607354495,0.0006623388127890101,-0.02891479600771163
2020-03-18,1.5498893995287193,0.0007041131667014089,0.019966595517757924
2020-03-19,1.5066795467043088,0.0006867618493311464,-0.029595067013644893
2020-03-20,1.454177600203401,0.0007119864234137377,-0.037295691142446685
2020-03-23,1.5119516022647856,0.0007698266796418171,0.04437826009228729
2020-03-24,1.5488991094000233,0.000676677110792035,0.024908517236923444
2020-03-25,1.6005785648379152,0.0006464796858403294,0.03332350781991522
2020-03-26,1.573656648431861,0.0006194062801911742,-0.01663635538253061
2020-03-27,1.547895418356525,0.0006473554204814437,-0.016646057912822698
2020-03-30,1.5444666338880386,0.000631740368214385,-0.0021611455490528897
2020-03-31,1.5139765423867153,0.0006491159049274702,-0.019752454035170786
2020-04-01,1.5076717910689037,0.0006829210709417479,-0.0042971438819563446
2020-04-02,1.5324224982945103,0.0006644335856136986,0.016403306579547916
2020-04-03,1.5759351142066051,0.0006885614743187228,0.02989709108052807
2020-04-06,1.5847663880291605,0.0006173673633299891,0.0054361923155283876
2020-04-07,1.551830558005186,0.0006204670605661804,-0.020395119676578588
2020-04-08,1.5662584626884084,0.0005980270581241103,0.008609680254494378
2020-04-09,1.5685498710930283,0.0006023151209934122,0.001377586498222172
2020-04-13,1.575889780562483,0.0006190038892535403,0.004535222919969328
2020-04-14,1.567877686813865,0.000599119098860052,-0.004789970159322365
2020-04-15,1.56691320983538,0.0006302606350987956,-0.0006068394354485918
2020-04-16,1.536556902217135,0.0006439420159277762,-0.01950874601956798
2020-04-17,1.5506499096710384,0.0006170039143260389,0.008675129278486793
2020-04-20,1.5501985382042687,0.0006369123950633981,-0.0002869455975087476
2020-04-21,1.545656881051283,0.0006514917529306235,-0.002952851603936324
2020-04-22,1.5595337526645388,0.0006278877287139572,0.00869250510669417
2020-04-23,1.5551918106489897,0.0006286766514620937,-0.0027240542482616092
2020-04-24,1.5639308075131357,0.0006251583260399166,0.005451827802289699
2020-04-27,1.5609940942140794,0.0006090584990192906,-0.0017847897517810907
2020-04-28,1.5625554692696018,0.0006108654500245523,0.0009519413939642618
2020-04-29,1.5781116027487336,0.0005755687956228906,0.008934203750243341
2020-04-30,1.5560054097727436,0.00058542170576922,-0.01291951115416623
2020-05-01,1.5479885323001585,0.0005958882287810373,-0.004768816494163275
2020-05-04,1.5458565418517496,0.000593933374231953,-0.0012638772390687336
2020-05-05,1.5527361333165268,0.0005863372011793815,0.0040260820728690305
2020-05-06,1.541135738583042,0.0005852259691610388,-0.006776491845471355
2020-05-07,1.5412388623166127,0.0005726482886745455,5.894258566740973e-05
2020-05-08,1.5431899679241916,0.000565339305266492,0.001101076823317726
2020-05-11,1.5493719683627865,0.0005700361520537849,0.003518088282703502
2020-05-12,1.5333660761709849,0.0005829833422556069,-0.009315810176076411
2020-05-13,1.5344988028775657,0.0005898074362926646,0.0006669183047165461
2020-05-14,1.5476254222869206,0.0005774269716893935,0.00756521270994881
2020-05-15,1.5348337105988066,0.0005693029130348663,-0.007269184134713669
2020-05-18,1.5293517984975724,0.0005459033781960237,-0.0029870685345372294
2020-05-19,1.5500122879919607,0.0005517090622014835,0.01138085878307038
2020-05-20,1.5561038468463162,0.0005389399933898292,0.0032774441544916044
2020-05-21,1.5585190851140411,0.0005480732435161848,0.0013217428405596365
2020-05-22,1.5599996196571506,0.0005473860893657304,0.0008091257111004779
2020-05-26,1.5848733572566094,0.0005407199378144291,0.013427793316907355
2020-05-27,1.5696384646344317,0.0005418382536222748,-0.008242033136014015
2020-05-28,1.5711039504319264,0.0005378335278681984,0.0007869373243920563
2020-05-29,1.5559733097060073,0.0005351414524752512,-0.008084423346360836
2020-06-01,1.5656766065491765,0.0005375849619001695,0.00520844138634402
2020-06-02,1.5609515489042747,0.0005320977438786562,-0.00251024303321401
2020-06-03,1.5747016282990935,0.0005307231197886492,0.007286395396874923
2020-06-04,1.5712995494141675,0.0005395504410286272,-0.0018329170139281814
2020-06-05,1.5774360354687333,0.0005234581355473422,0.003206933607884821
2020-06-08,1.5701168933824263,0.0005234842358970124,-0.0038258354338154277
2020-06-09,1.5796485477601563,0.0005248477693008517,0.004995363844273015
2020-06-10,1.5770100014256099,0.0005211924765855017,-0.001373136927327323
2020-06-11,1.5568557649682937,0.0005531066204108975,-0.011133128608548759
2020-06-12,1.5637479590763004,0.0005434120377394392,0.0037390133163057726
2020-06-15,1.5645791382192813,0.0005448246344782734,0.0004521380525943641
2020-06-16,1.5936746485175985,0.0005416703256700623,0.01573499475915696
2020-06-17,1.5844319908701985,0.0005397728480785744,-0.004981084236192146
2020-06-18,1.587212372011797,0.0005388014066774557,0.001495738466360308
2020-06-19,1.557568067837744,0.0005435809567278657,-0.016089549281332438
2020-06-22,1.576494513723259,0.0005359078236931428,0.010126447885454581
2020-06-23,1.5650536160363175,0.0005277825062479283,-0.006028790765867598
2020-06-24,1.5508173291576812,0.0005458177978392759,-0.0077595952005822255
2020-06-25,1.551046564335364,0.000538607653268804,0.00012326718655231161
2020-06-26,1.5434212329931785,0.000551970533546782,-0.004202752945161592
2020-06-29,1.5453145261459054,0.0005459032211330516,0.0010318465418208689
2020-06-30,1.5454776983595566,0.0005408593971107835,8.811080272153049e-05
2020-07-01,1.5690437887635096,0.0005391617585717762,0.01268600797925501
2020-07-02,1.5604302858636987,0.000533968983461137,-0.004592086352431579
2020-07-06,1.5599970724465053,0.000528341317406954,-0.00022852928884731227
2020-07-07,1.5591705858804201,0.0005379991435829067,-0.00044400827448498603
2020-07-08,1.5555410313099363,0.0005356063965518924,-0.0019409865637953772
2020-07-09,1.5494510487990896,0.0005435527030959959,-0.0033053001868665888
2020-07-10,1.5524114801722746,0.0005425958945403525,0.0016037817334222382
2020-07-13,1.5519973473191786,0.0005526983942440635,-0.00022854418801898646
2020-07-14,1.5632234918952712,0.0005404131308496444,0.00605649944338893
2020-07-15,1.572440912508003,0.0005315848411700416,0.004891981786897759
2020-07-16,1.5639967296819846,0.0005399395978191061,-0.004552669458803393
2020-07-17,1.5755996236422174,0.0005355517794781877,0.006204146389734433
2020-07-20,1.5890029104666816,0.0005264565471750359,0.007045106787870736
2020-07-21,1.582718802737501,0.0005317736056520321,-0.0033368619488101103
2020-07-22,1.5930634578265528,0.000525426967665339,0.005426967824746498
2020-07-23,1.586879974956907,0.0005292221210589284,-0.0032676671334002094
2020-07-24,1.5899561897754446,0.0005353875539590977,0.0016445553114294853
2020-07-27,1.5857252291567863,0.0005306157852630325,-0.002241522975168664
2020-07-28,1.5741162890875964,0.0005310729100059108,-0.006155932869376102
2020-07-29,1.5746173256070746,0.0005261657772541176,0.00026322417170376866
2020-07-30,1.6096296540460238,0.0005383859108173395,0.018823449512012758
2020-07-31,1.6380930820749482,0.0005487045321654359,0.01559474321294374
2020-08-03,1.657154411842568,0.0005478726726214517,0.010426407367731372
2020-08-04,1.652898143635326,0.0005433272844550913,-0.002308795905491934
2020-08-05,1.69082799701505,0.0005328012673853229,0.020176153254737983
2020-08-06,1.6791384989947218,0.0005256642167254517,-0.006135203127996647
2020-08-07,1.688771892297248,0.0005320976489615766,0.005118501510764872
2020-08-10,1.6587888120116772,0.0005309384436871027,-0.01589499656904536
2020-08-11,1.6793599809443236,0.0005283147533913715,0.01085153154440377
2020-08-12,1.6666271202685328,0.0005257432260396561,-0.006684134293720945
2020-08-13,1.666488824600124,0.0005280252390597719,-7.29164856920761e-05
2020-08-14,1.6775554327457698,0.0005305424619102085,0.005862630296860516
2020-08-17,1.6714952791737419,0.0005231406008593666,-0.003165420388995699
2020-08-18,1.678891808149404,0.0005242415519386942,0.0038719083300406965
2020-08-19,1.669428535033901,0.0005190909991318149,-0.00490494190245272
2020-08-20,1.6678942544888093,0.0005110772580523145,-0.0007829710576174875
2020-08-21,1.6669681324162624,0.0005111271621460463,-0.00047270204635196933
2020-08-24,1.680501413689992,0.0005054957384246173,0.006831219529260579
2020-08-25,1.686372992010222,0.0005014008300093257,0.0029399058232684183
2020-08-26,1.6851971252996785,0.0004962626165142253,-0.0005827334123864603
2020-08-27,1.7028237516252196,0.0004944562745300488,0.008703936239157883
2020-08-28,1.7132544992140553,0.0004837539953543562,0.005038991707749574
2020-08-31,1.7056010012987906,0.000492222329421649,-0.0037626019376943987
2020-09-01,1.688648085819314,0.0004890924459592167,-0.008280562319384899
2020-09-02,1.6819273263898622,0.00048203723326216766,-0.003235354389460099
2020-09-03,1.6610456186070348,0.0004993421810098478,-0.010414868376244613
2020-09-04,1.6523624437663607,0.0005098067180326719,-0.004421024136718188
2020-09-08,1.6639184261547506,0.0005213415901213992,0.006016557272744194
2020-09-09,1.680060221847578,0.0005113021057952013,0.008240890563229186
2020-09-10,1.6672865334904496,0.0005176782558330197,-0.006603590954114225
2020-09-11,1.660682768099918,0.0005198907632252664,-0.003428342417009844
2020-09-14,1.6674228349671645,0.0005090131079214874,0.0034256214640890903
2020-09-15,1.6667672908508109,0.0005079995766767519,-0.00033255062783155154
2020-09-16,1.6821738989162203,0.0005086417977729282,0.007825596764291731
2020-09-17,1.6691996681676469,0.0005082958371641342,-0.006585563791020377
2020-09-18,1.6703011502080325,0.0005149514802637395,0.0005664412009878106
2020-09-21,1.676056299203463,0.000528371925538173,0.0030367446623245087
2020-09-22,1.6875977259909185,0.0005202010393796855,0.0059946435319488955
2020-09-23,1.6767936530483467,0.0005339813437167576,-0.005761226317588353
2020-09-24,1.694425575945831,0.0005335729350044421,0.009393574189346054
2020-09-25,1.69787409225333,0.0005289062681334086,0.0018211240202958834
2020-09-28,1.7051513963623772,0.0005208225496726195,0.0037843553053562573
2020-09-29,1.7017726380430038,0.0005231143818820611,-0.0017649295822366184
2020-09-30,1.7070308953688345,0.0005217316264666165,0.002739359817667264
2020-10-01,1.7044904137170722,0.0005130825082019178,-0.0013015180231263912
2020-10-02,1.697745239387263,0.0005178832310041359,-0.0034883616430647635
2020-10-05,1.7022854158567418,0.0005126048167510546,0.00232390631964563
2020-10-06,1.6992394212306499,0.0005204857315640885,-0.0015832242348210457
2020-10-07,1.7144943937738377,0.0005153067219268672,0.007849369069958811
2020-10-08,1.7184312841227913,0.0005140152993978688,0.0020207251816941607
2020-10-09,1.7234004944635029,0.0005049345086366709,0.0025054514829321306
2020-10-12,1.7237024823097407,0.0005055200758963641,0.00015245190269297382
2020-10-13,1.7106191603494252,0.0005106530080528299,-0.006672024915246766
2020-10-14,1.7128199143926937,0.0005159928735841801,0.0011340135141608698
2020-10-15,1.7146507190325821,0.000522826743211709,0.0009558603695722923
2020-10-16,1.7127700645479513,0.0005209780924273112,-0.0009783362725670486
2020-10-19,1.7017434374918676,0.0005296558211749536,-0.005832090852038618
2020-10-20,1.6957015588214932,0.0005277056858055127,-0.003183520153925201
2020-10-21,1.6980984608946246,0.0005257696728495767,0.0012583288865357645
2020-10-22,1.7027842813883216,0.0005269348900668432,0.0024654855101289286
2020-10-23,1.6823178988659546,0.0005268818066344171,-0.010767346773604913
2020-10-26,1.6648982676707742,0.0005403241092597516,-0.009398944948770804
2020-10-27,1.6860988874756768,0.0005488559216032864,0.011618516611008545
2020-10-28,1.628264048068012,0.0005766532454635554,-0.033302412191687836
2020-10-29,1.6027656145241753,0.0005642165308620302,-0.014360324808762925
2020-10-30,1.6052980714223788,0.0005739963816776855,0.0014512487414322095
2020-11-02,1.5863132401779814,0.000564612279754024,-0.010699814263148255
2020-11-03,1.585019396363852,0.0005538533549539759,-0.0007153457801791774
2020-11-04,1.6004963772161802,0.0005378245504168705,0.008309605876149817
2020-11-05,1.6184782098136783,0.0005278655142211871,0.009476841683351722
2020-11-06,1.5971031589953308,0.0005256640105031125,-0.011219222755357805
2020-11-09,1.6371668534429815,0.000490629678216389,0.019623882945325022
2020-11-10,1.5862147692051078,0.0004891839615008206,-0.02489233432254423
2020-11-11,1.5793026057230612,0.0004905833502687267,-0.0033866271720626173
2020-11-12,1.5906347933973104,0.0005002646549046799,0.005661989284647007
2020-11-13,1.6061601987088376,0.0004950010832635255,0.007674526332550613
2020-11-16,1.5914618813637853,0.0004898471205001565,-0.007190223057477851
2020-11-17,1.611436193879582,0.0004944620864093767,0.009863950861131343
2020-11-18,1.6310478907577008,0.0005012970692776606,0.009818643139510641
2020-11-19,1.6231458196193196,0.0005019234368114556,-0.003960877341569358
2020-11-20,1.598717451698642,0.0005109842560520755,-0.01246614453583561
2020-11-23,1.6095780899523644,0.0005005043377028806,0.00542788404266048
2020-11-24,1.6476525521239451,0.0004968851181915431,0.018892753947000074
2020-11-25,1.6332081059263863,0.0004940411748954828,-0.007126545789901684
2020-11-27,1.6215889344236372,0.0004937841805081296,-0.0057297944750871466
2020-11-30,1.6143085721215797,0.0004953062066501828,-0.003601287902313288
2020-12-01,1.6191055628689157,0.0004933176497412233,0.0023632834653994905
2020-12-02,1.6333733543435685,0.0004957058700060063,0.007063415471861845
2020-12-03,1.6255113288399907,0.0005007682544830589,-0.003931930961130092
2020-12-04,1.633783097776669,0.0004898930532965701,0.004046588576443355
2020-12-07,1.6179848112859294,0.0004899619466659637,-0.007730517808852255
2020-12-08,1.6162328825067196,0.0004896862743507003,-0.0008567808425823387
2020-12-09,1.6218450196054808,0.0004971214986370828,0.0027863988929652805
2020-12-10,1.611368309638248,0.0005018267947455382,-0.005250608315748195
2020-12-11,1.6020098327776395,0.0005051520283743661,-0.004721119688042563
2020-12-14,1.612313013254051,0.0005026964184898472,0.00517219560583726
2020-12-15,1.6158493298246404,0.0005000252508644069,0.0017658175676160681
2020-12-16,1.6090633545169508,0.0005002406863085484,-0.0033900502181722914
2020-12-17,1.6098079216781833,0.0004933644157028165,0.0003668350096290851
2020-12-18,1.6251617184271372,0.0004930615600203565,0.0075604038154892805
2020-12-21,1.614335303013936,0.0004984739156554519,-0.005389743935666047
2020-12-22,1.6286909838361405,0.0005061311824044595,0.007256401823610759
2020-12-23,1.6182437562915,0.000507459037001977,-0.005294269427054132
2020-12-24,1.6245722948772088,0.000499212602701508,0.0031547801975762013
2020-12-28,1.6347322690960473,0.000490007921322038,0.004971552995300499
2020-12-29,1.6318036362811614,0.0004860400252534441,-0.001421557425373976
2020-12-30,1.6430366537835923,0.00047717923686932325,0.005353079462167898
2020-12-31,1.6466871034387955,0.00047637376903278666,0.001736821836288982
2021-01-04,1.6288167484192362,0.0004784909403146099,-0.008540350379632855
2021-01-05,1.6342942275404844,0.00048572354756508667,0.0026573273129884
2021-01-06,1.6494151298447233,0.0004900308620265754,0.007400399735104202
2021-01-07,1.653257241079377,0.0004873101357530883,0.0018698441696187729
2021-01-08,1.6593784802013878,0.000483609406627271,0.002956431715290364
2021-01-11,1.6525490636387041,0.0004894109482420497,-0.003338250273486665
2021-01-12,1.658860729179139,0.0004988309358747568,0.003144522412412698
2021-01-13,1.6714198673485894,0.0004976663352171822,0.006241838725088655
2021-01-14,1.636461284563035,0.0005160840879709315,-0.018019150179782173
2021-01-15,1.6202091086161723,0.0005167735654711237,-0.008386724764363862
2021-01-19,1.6329968798850014,0.0005165947367438892,0.006596627064027416
2021-01-20,1.6425171689751996,0.0005057147145719921,0.004807391314670895
2021-01-21,1.6471807570018417,0.0005078537733738769,0.0023651873856351813
2021-01-22,1.6453789989405527,0.0005156764619892285,-0.0009278728275035064
2021-01-25,1.6548689600593702,0.0005183377924198428,0.004912055131228499
2021-01-26,1.6390461418652262,0.0005157020253807427,-0.008147994891260169
2021-01-27,1.634923586612229,0.000534270948621485,-0.0021996332408775743
2021-01-28,1.65285973274853,0.0005255354591275674,0.00941128085088394
2021-01-29,1.6536435050557696,0.0005390124961892199,0.000421869009016973
2021-02-01,1.637931731715291,0.0005251655780170323,-0.008237892566683058
2021-02-02,1.6673347544143855,0.0005141790067178346,0.015095242394011166
2021-02-03,1.6699783747494514,0.0005173621420563853,0.001365790692034352
2021-02-04,1.64575293778132,0.0004979037156191416,-0.012043432293125989
2021-02-05,1.6394257874390892,0.0004990454508284564,-0.003153331935436654
2021-02-08,1.6458917930250325,0.0005035688904259348,0.0032517811752086345
2021-02-09,1.631330459096302,0.0005044688145317442,-0.0073357433726073396
2021-02-10,1.6356829707018539,0.0005046638557097547,0.00219354867920174
2021-02-11,1.6418976474839502,0.0004938143819531739,0.0030645241254205757
2021-02-12,1.6384113745434927,0.0004954567403715226,-0.0017250369434123058
2021-02-16,1.6556132480476486,0.000500353947585809,0.008595831555339828
2021-02-17,1.6399445071076921,0.0005012919359566639,-0.007844053074961721
2021-02-18,1.6309589777516538,0.0004968968251995873,-0.004458738416303731
2021-02-19,1.641647838124275,0.0005080814278161858,0.005423882381649037
2021-02-22,1.6496346697744608,0.0004993476226917416,0.003982494655076607
2021-02-23,1.666555966145194,0.0004904467793271446,0.008287475069948869
2021-02-24,1.688646016796265,0.00047412322387709044,0.010458964339363774
2021-02-25,1.6734321424896426,0.0004866926658233485,-0.007395880455476345
2021-02-26,1.6806732203840746,0.0004898016209522823,0.0035421985500079245
2021-03-01,1.689918267417639,0.0004802373554003223,0.0044338522418456705
2021-03-02,1.6962862391913736,0.000482146923510666,0.0030664854805309005
2021-03-03,1.6915088456194205,0.0004842066741353479,-0.0023103539829207875
2021-03-04,1.6670752127488682,0.0004918579331098271,-0.012003061752636768
2021-03-05,1.6899971326564378,0.000482950890339208,0.011055210943425209
2021-03-08,1.7005968310009874,0.000472319038667059,0.0049998576297980435
2021-03-09,1.7236342519316528,0.00047212650932650443,0.010863370254696747
2021-03-10,1.7253937956952314,0.00046619489312416345,0.0008192729712277469
2021-03-11,1.7146389054466438,0.00046006478979156764,-0.004941944184906788
2021-03-12,1.7207737790471678,0.0004637273930010764,0.002841667129700909
2021-03-15,1.7248866029084498,0.00046598644452644446,0.001914291673358548
2021-03-16,1.7167194334877156,0.00046302729595228896,-0.0037770940204495673
2021-03-17,1.712905933326923,0.00046650771351775314,-0.00177697445440117
2021-03-18,1.6778968612421272,0.0004714860466736233,-0.016487094850845097
2021-03-19,1.7381050040967656,0.0005027659635050108,0.030238602381416513
2021-03-22,1.7382303826834122,0.000500113895099188,6.261738701596187e-05
2021-03-23,1.721849351210404,0.0004997543531702969,-0.008175441874300304
2021-03-24,1.7436522886025954,0.0004999461427287711,0.010885631030419063
2021-03-25,1.7383008813266807,0.0005001859284700247,-0.0026730959244218866
2021-03-26,1.7298008615120464,0.00048719303113070936,-0.004135301525593604
2021-03-29,1.7067425028921779,0.0004849724592884265,-0.011168184884979837
2021-03-30,1.705290789350699,0.000490931624966938,-0.0007118050376107021
2021-03-31,1.6964335847765586,0.0004913249279265649,-0.004346104944147555
2021-04-01,1.6900223542576587,0.00047972909763758506,-0.0030714684930330804
2021-04-05,1.6962935846505793,0.00047496535133623413,0.00297483073973126
2021-04-06,1.7050806306950692,0.0004758106414420096,0.004175861632688793
2021-04-07,1.707221428630459,0.00047446828265196696,0.0010144850570554809
2021-04-08,1.728608537686216,0.0004714008865900212,0.010069421112632426
2021-04-09,1.7251460035398865,0.00046755370059720254,-0.0016169341383829305
2021-04-12,1.7322076685113803,0.0004697655575870561,0.003313410305850084
2021-04-13,1.7279448479739725,0.00047071983558410145,-0.002004192542472083
2021-04-14,1.72134202580948,0.0004686885662044487,-0.0030909061325132825
2021-04-15,1.7250752852833944,0.0004598010443590536,0.0017144323260822603
2021-04-16,1.7226706752581982,0.0004595375818894954,-0.0011037308328241124
2021-04-19,1.709486452318993,0.000460796733097609,-0.006068271218282462
2021-04-20,1.7036735753022179,0.00046596564655485505,-0.002705524443513241
2021-04-21,1.7011615332099352,0.000457440746765842,-0.001147705111122832
2021-04-22,1.7014123707543864,0.0004571999893899983,0.00011455155197381828
2021-04-23,1.699688942934744,0.0004523795636797038,-0.0007787350768353463
2021-04-26,1.6989757019173362,0.00045171317530261516,-0.0003218180816020322
2021-04-27,1.7091599560174027,0.00045255629696054644,0.004603810938590414
2021-04-28,1.711725045498066,0.00044570740104532536,0.0011419611842597988
2021-04-29,1.6586204080921132,0.0004393031816179242,-0.023302909894255208
2021-04-30,1.6521691900659188,0.00044549789385947965,-0.0028710266478242374
2021-05-03,1.647363376600915,0.0004473137675878324,-0.0021473793140103226
2021-05-04,1.6363023892249744,0.000448429643337965,-0.004954649503588371
2021-05-05,1.6266006169088423,0.0004539354541421122,-0.0043992268864485595
2021-05-06,1.6393994662397773,0.0004498032513562269,0.005750359995488452
2021-05-07,1.6334389693558062,0.000448256102075711,-0.002668845149628396
2021-05-10,1.6373795251530545,0.00046043037382121667,0.0018124506741514779
2021-05-11,1.6466152076918041,0.0004614288854662723,0.0042566949745719285
2021-05-12,1.6325533703528257,0.00047154996703893524,-0.006623462103220845
2021-05-13,1.6228418083203024,0.0004643367310975572,-0.004503827790927062
2021-05-14,1.6172376423930754,0.0004578030453174533,-0.0025625096658359325
2021-05-17,1.6180778740152806,0.00045881176930158635,0.00038506811995375756
2021-05-18,1.6232808354889803,0.0004605775921385056,0.0023936294619488763
2021-05-19,1.6209951360628907,0.00046258306738980183,-0.0010561104374460228
2021-05-20,1.6376418474069114,0.000458811790453472,0.007628654159191228
2021-05-21,1.6348546564851414,0.0004581455511984985,-0.0012754658869198465
2021-05-24,1.6376857484836749,0.0004530615131134246,0.0012811571371003083
2021-05-25,1.617156016354506,0.00045365371650602453,-0.009302940959855732
2021-05-26,1.610716621645623,0.00045754134671344675,-0.0029430203398419508
2021-05-27,1.6093077119808468,0.0004579640821593984,-0.0006444925633104504
2021-05-28,1.5999087639587626,0.00045707948777228626,-0.004291122254869606
2021-06-01,1.6011006254596343,0.00045842784242694756,0.0005457614772126362
2021-06-02,1.6109621827914675,0.0004523920783203931,0.004456042290939877
2021-06-03,1.5997134141535931,0.00045545971964266693,-0.005117686310597946
2021-06-04,1.603976530112694,0.0004514505199949299,0.0019223657973270747
2021-06-07,1.5873782714615665,0.000449152146718648,-0.0074467369631747715
2021-06-08,1.5874796478405826,0.00044774208658311264,4.533993921995716e-05
2021-06-09,1.5773448135307884,0.00044724192827026444,-0.004527723718638299
2021-06-10,1.5704624024746972,0.00044411298168478124,-0.0030531680995977695
2021-06-11,1.5688520032451856,0.00044220757537367505,-0.0007113524065402999
2021-06-14,1.5791208977742377,0.00044386673583174776,0.00455314922476191
2021-06-15,1.593494725454308,0.00044595827541707184,0.006403242003671039
2021-06-16,1.5980847087513084,0.00045251001107408467,0.0020748048712562195
2021-06-17,1.5956198166998963,0.0004475495380715738,-0.0011018988983551026
2021-06-18,1.6082081627496223,0.00045092247017843544,0.005670211129881864
2021-06-21,1.605806368243804,0.00044341301525280393,-0.0010637638679895645
2021-06-22,1.6159836853064151,0.00044039299324033596,0.0044771123819487
2021-06-23,1.6121558568473462,0.00044273416775317015,-0.001692917778541414
2021-06-24,1.5998612148500657,0.0004398162205598874,-0.005401481929368401
2021-06-25,1.6131844585599628,0.0004378185211098626,0.005826895978430002
2021-06-28,1.5841289602674906,0.0004438478290951861,-0.0128829327509834
2021-06-29,1.5729737969212176,0.00044035577549130834,-0.0049068431600858275
2021-06-30,1.5747255994570555,0.0004443593038986094,0.0007776121900064936
2021-07-01,1.5898969948692774,0.0004418509897561133,0.006696144218096833
2021-07-02,1.5850070598350097,0.0004354195536817276,-0.002126825456912229
2021-07-06,1.5831723311419907,0.0004336601844200403,-0.0007948101279566799
2021-07-07,1.5713077832592648,0.00043293875063401844,-0.005131270606284488
2021-07-08,1.5797417402309588,0.00043912974737523035,0.0036998655269826486
2021-07-09,1.5790814642162636,0.00043571118444592205,-0.0002873796514109017
2021-07-12,1.594155758683852,0.0004368081056545845,0.006577706942550776
2021-07-13,1.5986625913355272,0.00042874834293812,0.0019301960600728307
2021-07-14,1.6041076831380656,0.0004224154759529261,0.0022976883763590195
2021-07-15,1.5853122233921042,0.0004180722179966154,-0.00784993068282347
2021-07-16,1.5753883795171713,0.00041879549852745317,-0.004152031507885567
2021-07-19,1.5349557126252855,0.00043220175366190025,-0.017459016334441912
2021-07-20,1.557549949418769,0.00042813120826065454,0.009663141044256918
2021-07-21,1.5749186158575215,0.00042644746805723814,0.007399252370248632
2021-07-22,1.580528922976244,0.000425610537468813,0.002385390732115411
2021-07-23,1.5945494839781258,0.0004172846507084737,0.005844484051976906
2021-07-26,1.5848966131327347,0.00041523709450364855,-0.0040043106469624945
2021-07-27,1.5704298095641325,0.000414113794466475,-0.005985118840783343
2021-07-28,1.5678564174064882,0.00042079318664506267,-0.0010818606364182415
2021-07-29,1.5834973158414485,0.0004191327952275437,0.006549117200790988
2021-07-30,1.581599656336165,0.00042173080208861237,-0.0007995282785486779
2021-08-02,1.5802251569613512,0.000433335131573487,-0.0005950599622792652
2021-08-03,1.565557806575906,0.00043824240451684145,-0.006421324024245223
2021-08-04,1.5700484631072436,0.0004390187076252395,0.0019694017053666357
2021-08-05,1.5634502642731756,0.00043256092637027234,-0.0028510113995139363
2021-08-06,1.5665587116653847,0.00043043255413149244,0.0013365811453240894
2021-08-09,1.5595186494306592,0.0004329387393623864,-0.003044824826531567
2021-08-10,1.5601019307239654,0.0004364418579406673,0.00025430859284369944
2021-08-11,1.5646072446606014,0.0004420197395443024,0.001989393708129228
2021-08-12,1.5746779798742945,0.00044763433258102883,0.004503271912767559
2021-08-13,1.5722195759445985,0.00044598287817883037,-0.0010951917364536712
2021-08-16,1.557610111981444,0.0004408576948548436,-0.0064335098672927415
2021-08-17,1.5616671771232598,0.0004424148329207523,0.0017929972726733467
2021-08-18,1.571282527519628,0.00044794280085727796,0.0043025939797871615
2021-08-19,1.555890070465878,0.00044805871455057494,-0.006889130968147583
2021-08-20,1.5471773937858573,0.0004484645627783855,-0.003903027674994064
2021-08-23,1.5547006983438627,0.00044315022016518714,0.003330194872262382
2021-08-24,1.5573612083818724,0.0004429614726451948,0.0011772293572107628
2021-08-25,1.5567969495695955,0.0004460976190502629,-0.0002514463078000517
2021-08-26,1.543507480329269,0.0004500954409219049,-0.00597509673497143
2021-08-27,1.5415273476417317,0.0004459063437960726,-0.000881956046725918
2021-08-30,1.539573776435329,0.0004487161804963563,-0.0008756523445754283
2021-08-31,1.5238983689675494,0.0004528794457169041,-0.007091358362686151
2021-09-01,1.5317314609129222,0.000450876191244603,0.003527754029391872
2021-09-02,1.5350388886892343,0.0004627976735807909,0.0015290469161186593
2021-09-03,1.5240244216962162,0.0004608899136119615,-0.005070477806157214
2021-09-07,1.5361271800499585,0.00045853205624523925,0.00554300408407471
2021-09-08,1.5450861574025547,0.00045289927769108284,0.004052746670481611
2021-09-09,1.557585274814062,0.00045607798282781115,0.005694248157624315
2021-09-10,1.5574567765089102,0.0004612987946489649,-5.92100624885461e-05
2021-09-13,1.5613196343629938,0.0004618726039703798,0.001782079620454624
2021-09-14,1.56339224234533,0.0004651789653496494,0.0009630254535295535
2021-09-15,1.553239263057959,0.00046356125998394705,-0.004700938910843888
2021-09-16,1.5566216800424375,0.0004624890019038873,0.0015624887171838964
2021-09-17,1.5598632597760718,0.00046785817048794763,0.0015148666831237279
2021-09-20,1.5565773283345163,0.00047146457272010615,-0.0015473791345925747
2021-09-21,1.5451680498531701,0.00047120829620139005,-0.005369638690069678
2021-09-22,1.554521789878549,0.0004657623516283064,0.004351245630630274
2021-09-23,1.563746286104216,0.00045444342180107287,0.0041868357409953205
2021-09-24,1.559433861586053,0.0004480200628071774,-0.0019298120270718755
2021-09-27,1.5668217850656965,0.0004518952456245095,0.0033349468687333683
2021-09-28,1.5699039841360298,0.00045997224796607693,0.0014161913483690114
2021-09-29,1.571092854593156,0.0004577043646638834,0.0005435165110725393
2021-09-30,1.5738654915096868,0.00046576228854138267,0.0012899582711156654
2021-10-01,1.5759057654307564,0.00045021243689540334,0.0009174049965281483
2021-10-04,1.544457684321315,0.0004616674998012658,-0.01450317388713529
2021-10-05,1.543041361292516,0.0004625918136906039,-0.0006544197547668773
2021-10-06,1.5522226721800758,0.00045804714272051347,0.0042004732424629765
2021-10-07,1.549832698275437,0.00045003704000165024,-0.0010743038358214108
2021-10-08,1.5563026430485283,0.00045058306848643344,0.0029120160952516017
2021-10-11,1.5569611727547439,0.0004608898592373472,0.0003031859821476246
2021-10-12,1.556174184242808,0.0004630656735666607,-0.00036400821664983596
2021-10-13,1.553730505997553,0.0004663682690003154,-0.0011383378234768315
2021-10-14,1.544974099751776,0.00046074686214928366,-0.00402959878749698
2021-10-15,1.555988213593358,0.0004491814625253545,0.004941339159472591
2021-10-18,1.568958826517353,0.0004498422489610937,0.005828287400447607
2021-10-19,1.565532882689791,0.0004443246386863026,-0.0015205039882744131
2021-10-20,1.5564967850028533,0.00044834844635448923,-0.004046995465898817
2021-10-21,1.5619891808781408,0.0004506416842784856,0.002472397061239917
2021-10-22,1.566045270294583,0.000448716199593993,0.0018179904215003262
2021-10-25,1.5577794142312706,0.00044364201813007015,-0.003662945975236198
2021-10-26,1.5561915355563543,0.0004475764036815414,-0.0007099401821619722
2021-10-27,1.5707696633093928,0.0004807729700402164,0.007002139620055914
2021-10-28,1.6022484802506223,0.0004943497539414306,0.015543068082763511
2021-10-29,1.5996003852068166,0.0004898553450422409,-0.0012954433207141847
2021-11-01,1.58744214381149,0.00048826821256420347,-0.005928734804285796
2021-11-02,1.5857283419916883,0.0004960003978834041,-0.0008489824135153867
2021-11-03,1.5982267248525048,0.0004984731004825258,0.006221913233787291
2021-11-04,1.6220081440971603,0.0004968536142190112,0.011799957864980115
2021-11-05,1.6252458835023573,0.0004788029048579609,0.0015480381431984824
2021-11-08,1.6011783638492547,0.00047052597003629094,-0.011309860461324206
2021-11-09,1.6305778781667484,0.00048614514496822644,0.014276276486953066
2021-11-10,1.6734328300117853,0.0004804188864042726,0.020561419420403126
2021-11-11,1.697111262231611,0.0004921261402225377,0.011638851198085831
2021-11-12,1.727260879955344,0.0004882604136707157,0.014701323958092871
2021-11-15,1.715493259604331,0.00048777868629911207,-0.0057325784720205775
2021-11-16,1.7308762758742047,0.0004812654060851442,0.007393550101994606
2021-11-17,1.765182126061116,0.0005049574191471263,0.017303260031667378
2021-11-18,1.7261148100859791,0.0005092428658297413,-0.01986788363552705
2021-11-19,1.70464507796899,0.0005154885148801749,-0.011052327496940961
2021-11-22,1.6558235517988684,0.0005293667148837567,-0.0258095146901951
2021-11-23,1.6704705114068685,0.0005216272091745567,0.007628497892198993
2021-11-24,1.6858921524754948,0.0005094427864014527,0.00784450086587185
2021-11-26,1.6530709670650883,0.0005238378052293303,-0.017170272460816705
2021-11-29,1.6584629784466074,0.0005274573148590114,0.0028399321265055733
2021-11-30,1.6380273987979355,0.0005342977044489621,-0.010902833466957418
2021-12-01,1.623315632189571,0.0005444110045390853,-0.007997477452420299
2021-12-02,1.6274563194173648,0.0005221519299465815,0.0021583991904776667
2021-12-03,1.653531164525116,0.0005273768528397281,0.013731567161528346
2021-12-06,1.65749680598478,0.0005108719296906594,0.002022748120509732
2021-12-07,1.650073761404188,0.0004993467662962797,-0.0037012605865811565
2021-12-08,1.6509102339792174,0.0004954853946784186,0.0004138948943932519
2021-12-09,1.6425820323838556,0.0004898734182960901,-0.004074246143431992
2021-12-10,1.6525706604596655,0.00048527025255103477,0.0048407862858539374
2021-12-13,1.6492237499485114,0.000490730346706836,-0.0016403799546083064
2021-12-14,1.6345730550921778,0.0004931550409010175,-0.007215745427913589
2021-12-15,1.644109209036151,0.0004877557613708457,0.00464508128527541
2021-12-16,1.6591856590809813,0.00048307962288139596,0.007273586076621541
2021-12-17,1.661542208369454,0.0004887432011611605,0.0011503226449463
2021-12-20,1.6272879018220738,0.0004960773483258882,-0.016971444149305626
2021-12-21,1.6412063539832855,0.00048081951842265057,0.0066828784775339045
2021-12-22,1.6529506331591415,0.00047514088255528795,0.005573040007732288
2021-12-23,1.6775690742733798,0.00047807331855548893,0.011755147024643975
2021-12-27,1.6686095501362217,0.0004758597302218071,-0.00425814257039292
2021-12-28,1.6675500138120836,0.00047494514915197945,-0.0005026004559454123
2021-12-29,1.6689832867108485,0.00047468454237477016,0.0006795177175149547
2021-12-30,1.6698946540686277,0.0004753366860681845,0.00043267721787287883
