date,beta,beta_std,spread
2015-01-02,2.2654737928869118,0.0010759603860614928,7.70824617575272e-05
2015-01-05,2.248464158612876,0.0010753400725778905,-0.0005775040202706805
2015-01-06,2.214633184240588,0.0010672448455548466,-0.0011399599513026715
2015-01-07,2.2512103081998576,0.0010541020719166648,0.0012173198838780763
2015-01-08,2.264756373429853,0.0010415179654324155,0.00044544982392835664
2015-01-09,2.2745192745134983,0.0010531234794552585,0.0003246338159357265
2015-01-12,2.285837850192765,0.0010627447200602374,0.00037979582128855327
2015-01-13,2.2847282673884024,0.0010629937045063278,-3.724012626094009e-05
2015-01-14,2.2960735985342806,0.0010647404640313034,0.0003814013685428108
2015-01-15,2.305827147146602,0.0010692574380058834,0.00032928103915708107
2015-01-16,2.312434907257013,0.0010654908212116203,0.00022228995989337363
2015-01-20,2.283871230274381,0.0010499546755371896,-0.000946884241542989
2015-01-21,2.2707557548514563,0.0010451171970783362,-0.0004327861045254622
2015-01-22,2.2835790636688476,0.001035101822367582,0.0004190900270231168
2015-01-23,2.2997195724872697,0.0010463224123277253,0.0005332378906217627
2015-01-26,2.3200552064421793,0.001053857017975146,0.0006766607185539897
2015-01-27,2.3065026381488307,0.001069005510924473,-0.0004574390338518697
2015-01-28,2.3082306811442055,0.001080977444031653,5.8978603817649855e-05
2015-01-29,2.305808852852659,0.001076360358755113,-8.230212202420262e-05
2015-01-30,2.302649835959902,0.0011006454759105203,-0.00010978049357390773
2015-02-02,2.317050268421035,0.0010895440521078725,0.0004953565477450184
2015-02-03,2.335944115513968,0.001088498208826927,0.0006493154588298466
2015-02-04,2.3428574605578616,0.0010871941152250301,0.0002373030530691267
2015-02-05,2.336946871517501,0.001084335450855857,-0.00020234957858633607
2015-02-06,2.3585225186244796,0.0010932193952422062,0.0007447078468629797
2015-02-09,2.352997084085114,0.0010990459113772422,-0.00019173059830279726
2015-02-10,2.336239701985819,0.0010687534313315343,-0.0005654224727891233
2015-02-11,2.395305918395938,0.0010695093370597624,0.001994536222525767
2015-02-12,2.403608026428725,0.0010745759307263245,0.0002816730782626564
2015-02-13,2.3864965485323384,0.0010791770169743598,-0.0005830388555665422
2015-02-17,2.3781440787192434,0.0010838176504723638,-0.000285815847277604
2015-02-18,2.4061573761440465,0.0010858929225618676,0.0009604240573821698
2015-02-19,2.3698749277762254,0.0010761050966827186,-0.0012326975320462452
2015-02-20,2.385907990448834,0.0010796901745123827,0.0005465523221914736
2015-02-23,2.402170704105548,0.0010827829176259518,0.0005559664886902738
2015-02-24,2.389358323448667,0.0010755949877281406,-0.0004350974534759189
2015-02-25,2.3919626145449477,0.001077639002664873,8.860912500097129e-05
2015-02-26,2.3586696359723818,0.0010672448485502964,-0.001121826240421342
2015-02-27,2.3108272852030516,0.0010465637252879644,-0.0015808375682695441
2015-03-02,2.3165853438817527,0.0010489837690914829,0.00019071022143180016
2015-03-03,2.3159535822486896,0.0010550824965705832,-2.1045990322932084e-05
2015-03-04,2.331239561775326,0.0010662415245937373,0.0005146098999944115
2015-03-05,2.3336324596873004,0.0010687533881632303,8.074615392672513e-05
2015-03-06,2.357086281708831,0.0010913786339155072,0.000808197531227961
2015-03-09,2.361318071244686,0.0010948027269624117,0.00014627456307891862
2015-03-10,2.361678336586448,0.0011136134249491356,1.2666936314076338e-05
2015-03-11,2.376105359432453,0.001129977634608525,0.0005146964395663645
2015-03-12,2.3810085259449676,0.0011077232004227206,0.00017146906080256485
2015-03-13,2.385233285136827,0.0011260189114321087,0.00015019517343262123
2015-03-16,2.3910414529574258,0.0011154120191403548,0.0002045313719349906
2015-03-17,2.34523272573067,0.001109361926357685,-0.0016044061780036145
2015-03-18,2.352645660628448,0.0011069055713672094,0.00025905874562681674
2015-03-19,2.3731075834115942,0.0011229274618251535,0.000725447108266053
2015-03-20,2.3671493675443775,0.0011055457286020926,-0.00020795849272303712
2015-03-23,2.3815450711319195,0.0011063615145486538,0.0005028412051757414
2015-03-24,2.390626503364034,0.0011104566105312752,0.00031838898161140605
2015-03-25,2.3768664297896107,0.0011110052965443862,-0.0004826533258892596
2015-03-26,2.3919767896182083,0.0011137551997368452,0.00053132930231925
2015-03-27,2.4161379611895946,0.0011212491390932189,0.0008553036178540196
2015-03-30,2.404736026509073,0.0011093619352298004,-0.00039933648578482916
2015-03-31,2.3799778312747333,0.0011082686338557905,-0.0008662877620650988
2015-04-01,2.3592188010121014,0.0011047313168063419,-0.000724037790746479
2015-04-02,2.3740608557484806,0.001104731311552718,0.0005176683265659676
2015-04-06,2.3652009992564618,0.0010915985077252922,-0.00030534039629515064
2015-04-07,2.3677705646782377,0.0010958525232863962,8.890393029048482e-05
2015-04-08,2.3702769491860667,0.001099064992126194,8.697165540638707e-05
2015-04-09,2.3689101459502857,0.0010947859760576937,-4.724292668356611e-05
2015-04-10,2.3750484366329028,0.001099333521389301,0.00021305156420226012
2015-04-13,2.368954086595132,0.0011041894593593637,-0.00021245981162110184
2015-04-14,2.403931809115455,0.001109361909429125,0.0012250912062796715
2015-04-15,2.4140047539638414,0.0011123784730189719,0.00035376035864942423
2015-04-16,2.3976705558981886,0.0011069055758917644,-0.0005708250003237936
2015-04-17,2.399469633398314,0.0011151357773057792,6.334049432155098e-05
2015-04-20,2.3953594487582253,0.0011052743657639118,-0.00014342424644553375
2015-04-21,2.395235075519149,0.0011020257091017662,-4.327307493667831e-06
2015-04-22,2.3767426694897527,0.0010879039672272862,-0.0006351546284975029
2015-04-23,2.359432967051436,0.0010974565450829013,-0.0005997777619199951
2015-04-24,2.349065827087933,0.00109906499445132,-0.0003597389612224333
2015-04-27,2.335711684885052,0.0011006777860087967,-0.00046406688025513176
2015-04-28,2.3373978016887955,0.0011022958276487667,5.867990897456821e-05
2015-04-29,2.3525468590886502,0.001109908911485281,0.0005308583695295965
2015-04-30,2.3669025352952007,0.00110799587225316,0.000502179862110097
2015-05-01,2.357537148473573,0.0010985283413002093,-0.000324811794016
2015-05-04,2.364249555241087,0.0010971886548100868,0.0002325213303606688
2015-05-05,2.363317385226307,0.0011028363237317459,-3.2457374445016285e-05
2015-05-06,2.3700273073753046,0.0011052743474286694,0.0002341480510636984
2015-05-07,2.3595351487153606,0.0011041894681364578,-0.00036577041154828294
2015-05-08,2.377858809065949,0.001096653968803264,0.0006344237177984269
2015-05-11,2.375276777848605,0.001097724085545016,-8.948699927202597e-05
2015-05-12,2.386132335073757,0.0011044603494411386,0.0003785382006213922
2015-05-13,2.370402868491402,0.001094785983823188,-0.00054367534561095
2015-05-14,2.383334699786392,0.0010829286874413431,0.0004421401235248368
2015-05-15,2.3875441994192714,0.0010824080564031374,0.00014385749153689176
2015-05-18,2.3949450723041714,0.0010876408884084958,0.0002541454941251686
2015-05-19,2.3930919311854195,0.0010879039470382177,-6.365143346442892e-05
2015-05-20,2.3844377794118032,0.0010868523618230517,-0.0002969637647538548
2015-05-21,2.37938030551937,0.0010900121557768493,-0.00017405073995746534
2015-05-22,2.3575331507325052,0.001090540758068249,-0.0007522201069605217
2015-05-26,2.358586524544465,0.0010963869422323165,3.646336931240057e-05
2015-05-27,2.3656025753610908,0.0010929244079604988,0.0002420951489767731
2015-05-28,2.381126797417092,0.0010923939254293454,0.0005354209920369613
2015-05-29,2.3760911777188367,0.001097188645973234,-0.00017443887630008703
2015-06-01,2.3659179305134304,0.0010977240863172845,-0.00035257989659953637
2015-06-02,2.3649914142254023,0.0010963869525451163,-3.207159255680381e-05
2015-06-03,2.370757622748601,0.0010996021856893913,0.00020018537712473972
2015-06-04,2.35807746156056,0.0011071780046176592,-0.000443250466460654
2015-06-05,2.3592383053097743,0.0011206902932796908,4.10738711735803e-05
2015-06-08,2.350409209549943,0.001119017897622455,-0.0003119217463734003
2015-06-09,2.3538728976285705,0.0011179059702046666,0.00012224680817496392
2015-06-10,2.361909834012792,0.001114307078614526,0.00028274063835453944
2015-06-11,2.366082223218252,0.0011115313624187,0.0001464203670735742
2015-06-12,2.365547461030429,0.0011154215211656897,-1.8832120574074906e-05
2015-06-15,2.359643240690987,0.0011258326254774838,-0.00020986364292241433
2015-06-16,2.3536906146567853,0.001112085893192605,-0.0002089926251187535
2015-06-17,2.35509666993459,0.0011068450907160885,4.913422203856044e-05
2015-06-18,2.3623462510314592,0.0010965106685849864,0.000250969371322185
2015-06-19,2.367731583973231,0.0011032878300532237,0.00018758989570244466
2015-06-22,2.381475703986857,0.0011011097745608877,0.00047780215797388337
2015-06-23,2.3873829090905354,0.0011038333505041093,0.0002058683086261226
2015-06-24,2.390894547206605,0.0011090457529207502,0.00012295977235510236
2015-06-25,2.3894646446452112,0.0011137506356546367,-5.028002783546981e-05
2015-06-26,2.392671865532025,0.0011143071470743097,0.00011283156776187298
2015-06-29,2.3978807729921443,0.0011312543848798842,0.00018604220170459485
2015-06-30,2.3992813162304514,0.001136150908753584,5.023691961980603e-05
2015-07-01,2.4129900988071724,0.0011283946433362259,0.0004883618620254992
2015-07-02,2.417187367553323,0.0011286797507352498,0.00014956401076915427
2015-07-06,2.414836701153923,0.001130681325246934,-8.39115054134254e-05
2015-07-07,2.415143592413434,0.0011073942286411486,1.0729112588592216e-05
2015-07-08,2.4187841730720017,0.0011182156454470455,0.00012852898308324257
2015-07-09,2.389424253229479,0.0011165372369688566,-0.0010349554842008502
2015-07-10,2.3855562341320624,0.0011035605858768967,-0.00013476395889711057
2015-07-13,2.41109610852406,0.0010962414085258167,0.000883940287792484
2015-07-14,2.3790920418044936,0.0010826774346119885,-0.0010939633965989515
2015-07-15,2.3622641642078452,0.001083729151365648,-0.0005757871228695421
2015-07-16,2.3556898752551105,0.00107459488312411,-0.00022304892772240237
2015-07-17,2.3658721244871757,0.0010805799724370388,0.0003473910033306993
2015-07-20,2.3713601875391412,0.0010771889294452419,0.0001866473048437456
2015-07-21,2.373001879586745,0.00108215265840166,5.609142489504393e-05
2015-07-22,2.395718336927119,0.001089816088511487,0.0007816440548822357
2015-07-23,2.3918623872454825,0.001091415354230104,-0.00013287098886394233
2015-07-24,2.398302944897228,0.0011021978243955291,0.00022412762547219245
2015-07-27,2.3794834120346215,0.001099482311111949,-0.0006532778022716457
2015-07-28,2.390050625683806,0.0010992113002016328,0.00036672874421128654
2015-07-29,2.39813357521534,0.0010981294781394584,0.0002802376216521907
2015-07-30,2.4023977223197357,0.0010989407159580121,0.0001479486074487113
2015-07-31,2.3651624824607445,0.001085046257180121,-0.0012755558894639307
2015-08-03,2.3656309202476926,0.0010730448975768468,1.586990902069374e-05
2015-08-04,2.356794511731305,0.0010651056033258673,-0.0002971533464517506
2015-08-05,2.37469446408616,0.0010582853105778824,0.000598096185541408
2015-08-06,2.3850704339203417,0.00106332913762239,0.00034835448460057705
2015-08-07,2.392431236381619,0.0010671433584297351,0.0002480104852367049
2015-08-10,2.3973580987595735,0.0010694447991345826,0.0001663598271761657
2015-08-11,2.3974962834413054,0.0010745948641234418,4.688399201313587e-06
2015-08-12,2.4044062197322105,0.0010803184786269656,0.00023569135609591285
2015-08-13,2.423813215824398,0.0010845193971871587,0.0006645230878348229
2015-08-14,2.4257741574153795,0.001080579985897007,6.69006312818965e-05
2015-08-17,2.4352633388174976,0.0010779699513765013,0.00032295835073625767
2015-08-18,2.436024316748221,0.0010792733502722018,2.5930905522386638e-05
2015-08-19,2.4477862034838784,0.0010930192201006827,0.00040590482856828203
2015-08-20,2.4365810055333217,0.0010992112908327308,-0.0003888751010094893
2015-08-21,2.45528427070632,0.0011275392446428425,0.0006658345384948916
2015-08-24,2.412801425513932,0.0011612790075321605,-0.001557603066316915
2015-08-25,2.3794294618496568,0.0011731845159432242,-0.001236024996131846
2015-08-26,2.408088122459267,0.0011507990289785735,0.0010411449811726925
2015-08-27,2.40352128997802,0.0011349948848358563,-0.0001636362575396788
2015-08-28,2.390774677845214,0.0011298225290842547,-0.00045466201858346267
2015-08-31,2.3832852928577584,0.0011335534107869353,-0.00026802711350626396
2015-09-01,2.3767038784750447,0.0011502055232089524,-0.00023899557423590068
2015-09-02,2.3939712851374173,0.001145776256677902,0.0006246020632971749
2015-09-03,2.3908205663954227,0.001138179099718243,-0.00011321327846758322
2015-09-04,2.398605666057524,0.0011570643732975686,0.0002843909349508067
2015-09-08,2.413046159688427,0.0011457762685245087,0.0005223378292953385
2015-09-09,2.410011236410765,0.0011637019059812616,-0.00011150114610813944
2015-09-10,2.408565315263491,0.0011600725109064513,-5.295412978512104e-05
2015-09-11,2.420816548786627,0.0011588567896790105,0.0004482112188384235
2015-09-14,2.41164500734054,0.0011597679900255207,-0.00033580585694892306
2015-09-15,2.409083860286549,0.0011477341397469483,-9.279908439907558e-05
2015-09-16,2.3950938533697133,0.001128703049590208,-0.000498503423543184
2015-09-17,2.388771360631899,0.0011221195029331886,-0.0002239822158003335
2015-09-18,2.4049832338495842,0.0011336193915857744,0.0005802278953268569
2015-09-21,2.4090805362824406,0.0011275528637289492,0.0001458541698866611
2015-09-22,2.399136745173588,0.0011391652053324884,-0.000357630275729548
2015-09-23,2.4017559167622253,0.0011400451050152494,9.426936492218374e-05
2015-09-24,2.3796634114236936,0.0011287030370012207,-0.0007872321220077083
2015-09-25,2.376839472959011,0.0011153304349694893,-9.943552566937797e-05
2015-09-28,2.356785792779289,0.0011178667940909917,-0.0007077521085534499
2015-09-29,2.3635066314383564,0.0011142068682882184,0.00023641885229608306
2015-09-30,2.368051077861205,0.0011014474007809963,0.00015802833453903986
2015-10-01,2.3756958238890293,0.0011102922831320058,0.0002679829095200148
2015-10-02,2.3487679853843715,0.0010940934229894403,-0.0009301358586810693
2015-10-05,2.3537548730483033,0.0010775714077229722,0.0001696577997734039
2015-10-06,2.3875883719063906,0.001078885822419994,0.0011524889148972761
2015-10-07,2.390605364823917,0.0010643506819432744,0.00010138306230089711
2015-10-08,2.3752301545047794,0.0010527008720096604,-0.0005110231531801901
2015-10-09,2.384927887299046,0.0010516997563147271,0.0003220228977482975
2015-10-12,2.378166540546735,0.0010521999343083245,-0.0002246246368571292
2015-10-13,2.368643788931314,0.0010610322486721872,-0.0003190219327535715
2015-10-14,2.3565464664543927,0.001060269399655523,-0.00040497344080847597
2015-10-15,2.3620239244726733,0.0010542061627009766,0.00018231549699976313
2015-10-16,2.3904224260397515,0.001051699758151696,0.0009429976075949753
2015-10-19,2.403664098284891,0.0010524502690415407,0.00044001799773241146
2015-10-20,2.388787395329758,0.0010449924385412472,-0.0004908420760045829
2015-10-21,2.3939507464471403,0.0010474670050254421,0.00017076617922384685
2015-10-22,2.4017548680962815,0.0010220582291719591,0.0002518348727278408
2015-10-23,2.4117058022843807,0.0010327947612524821,0.00032450520474469613
2015-10-26,2.42562843408455,0.0010376394140532324,0.00045614633867785415
2015-10-27,2.4339532745064485,0.001037152782646589,0.0002726154601617736
2015-10-28,2.4224234766398234,0.0010342431584557089,-0.00037650895298213527
2015-10-29,2.420429335815293,0.0010327947749971867,-6.502835653066086e-05
2015-10-30,2.431051968937256,0.0010435135469889162,0.0003500010292185607
2015-11-02,2.4185664601223573,0.0010462285830679008,-0.0004124425413891686
2015-11-03,2.411677744607491,0.0010482111614509625,-0.0002279901571995424
2015-11-04,2.415382282657428,0.0010529511579019607,0.000123160576933401
2015-11-05,2.394630443030465,0.001044006456076152,-0.0006840389434898952
2015-11-06,2.3943531479610045,0.001053202313014645,-9.221197188935548e-06
2015-11-09,2.398184492634639,0.001063838792254088,0.00012869359294143123
2015-11-10,2.3837942301154116,0.001057987859080121,-0.0004806919213393712
2015-11-11,2.3828474918145623,0.0010512002584405244,-3.1422092746424823e-05
2015-11-12,2.3835227910238195,0.0010628164826993452,2.2661348907604406e-05
2015-11-13,2.3870059759213564,0.001067947695530982,0.00011744903967780829
2015-11-16,2.3905079155906126,0.0010532023424249539,0.00011644796650500666
2015-11-17,2.3894991553009506,0.0010605236450841973,-3.377821421679528e-05
2015-11-18,2.3893374499677136,0.001045239827655144,-5.336480825235412e-06
2015-11-19,2.358790828629585,0.0010251369645391337,-0.0009887002912307707
2015-11-20,2.37683385597788,0.0010415483399834884,0.0005933812661993443
2015-11-23,2.3651311104590653,0.0010287125350035484,-0.00038010739019966877
2015-11-24,2.338217143855743,0.0010192326273752953,-0.0008661295557885751
2015-11-25,2.33517235092529,0.0010192326171392099,-9.798764641288926e-05
2015-11-27,2.3342364569518974,0.0010164006858152106,-3.0035204972023166e-05
2015-11-30,2.3496394957372293,0.0010290267947327158,0.0005004724721544562
2015-12-01,2.355838492438193,0.0010225559382047572,0.00020014350620556343
2015-12-02,2.3418235859197774,0.001025421472477431,-0.00045376674606245615
2015-12-03,2.34965111183134,0.001032900488914276,0.00025528414612097095
2015-12-04,2.350426826259988,0.0010131171939984794,2.4813438329829296e-05
2015-12-07,2.346239019211662,0.0010152255415559837,-0.00013424343939050232
2015-12-08,2.344896102292584,0.0010197058430301768,-4.3238244018084515e-05
2015-12-09,2.339593165321638,0.0010280631654013292,-0.0001721392943210276
2015-12-10,2.3287133408747773,0.001025661521588911,-0.00035233940252510365
2015-12-11,2.3290174576042144,0.0010375383559848997,9.962932537632696e-06
2015-12-14,2.3231810165177604,0.0010331437368241874,-0.00019038773659474373
2015-12-15,2.323394345050411,0.0010182866124379812,6.858773033968646e-06
2015-12-16,2.3214003385140694,0.00100041954461317,-6.298564619555691e-05
2015-12-17,2.319709419513442,0.001008462428540252,-5.3843652978002865e-05
2015-12-18,2.319256853217173,0.0010319290620833287,-1.4746447931202056e-05
2015-12-21,2.3210208937774377,0.0010251825657726099,5.710069244457827e-05
2015-12-22,2.321122778386717,0.0010131171857736222,3.2591214704780214e-06
2015-12-23,2.3202921730742383,0.0010043101742387176,-2.633914398586512e-05
2015-12-24,2.3249003536679056,0.001007305192385239,0.00014656783221767
2015-12-28,2.3308136892707583,0.0010084624356011063,0.00018829476584869553
2015-12-29,2.336818826967923,0.0010033919252706856,0.00019025511521419958
2015-12-30,2.3374020069289636,0.001006613110270228,1.853590407563388e-05
2015-12-31,2.3417600879462395,0.0010208913671179876,0.00014048401203581307
2016-01-04,2.345381986696514,0.0010343605119107508,0.00011829156029818932
2016-01-05,2.3532002571811095,0.0010307181326142543,0.00025443830533333767
2016-01-06,2.36669591497805,0.0010363136349442856,0.0004415937591772945
2016-01-07,2.360317510228002,0.0010537239253898126,-0.00021221664839288223
2016-01-08,2.357836916382644,0.0010565133951389214,-8.274784710238237e-05
2016-01-11,2.3594320461141907,0.0010547366204930757,5.31205670597501e-05
2016-01-12,2.3335162093331876,0.0010412292725798407,-0.0008519807023503745
2016-01-13,2.321609917935245,0.0010479391976875748,-0.00039395449719847875
2016-01-14,2.3033661721929484,0.0010471895530170955,-0.0006032069857582201
2016-01-15,2.2788533311864057,0.0010567675952394418,-0.0008179094746907367
2016-01-19,2.300164080875839,0.0010461916485835358,0.0007039284485443886
2016-01-20,2.2815633125477848,0.001059829010173511,-0.0006224451702365741
2016-01-21,2.2980000856596408,0.0010595730743201035,0.0005498817637743514
2016-01-22,2.2944501211579715,0.0010427128858030903,-0.00011687002589155782
2016-01-25,2.2911566498459237,0.0010402424635639026,-0.00010817255945028137
2016-01-26,2.3045863498956805,0.001042217857812695,0.000441933159919472
2016-01-27,2.2949743243082534,0.0010419707954954444,-0.000316228010518671
2016-01-28,2.304788962713546,0.0010302340665627398,0.0003192530305824448
2016-01-29,2.3293781515120737,0.0010218418804460758,0.000793340322786662
2016-02-01,2.3187572791949402,0.0010199425986328462,-0.00034203785463660097
2016-02-02,2.329877867020346,0.00103338661501426,0.00036285783208711564
2016-02-03,2.326641879802853,0.0010266205366889901,-0.00010489328248297625
2016-02-04,2.3055697352218525,0.001031202589329862,-0.0006861068461176956
2016-02-05,2.308772321941349,0.0010333866277058008,0.00010449599501782814
2016-02-08,2.3021358453101253,0.001028303760344111,-0.00021547191667536936
2016-02-09,2.2852603321176446,0.0010128835966413158,-0.0005396919303564118
2016-02-10,2.309880528501824,0.0010307181086395753,0.0008012764374143444
2016-02-11,2.300447218409442,0.0010341166514595318,-0.0003080138978219793
2016-02-12,2.3002191218134467,0.0010173429712706044,-7.326766592541389e-06
2016-02-16,2.289523302187628,0.0010114834863709614,-0.0003415948958718218
2016-02-17,2.3046448444682226,0.001008462439909156,0.0004815020633941458
2016-02-18,2.2999403678522787,0.0010056908422025356,-0.0001493893307866756
2016-02-19,2.2906158524804945,0.001002017728844636,-0.00029501647392748964
2016-02-22,2.288391944015013,0.0009981451489835824,-7.009010637659685e-05
2016-02-23,2.2938742507698757,0.0010038509789493239,0.00017377389144712652
2016-02-24,2.2856050428113677,0.0009988265409378214,-0.0002607947228057128
2016-02-25,2.2952201179185057,0.000993177368879511,0.0003015270157931127
2016-02-26,2.29558408397062,0.001016635999837939,1.1683910017268317e-05
2016-02-29,2.2835247930990237,0.0010168715995905668,-0.0003871946862261666
2016-03-01,2.283509731604935,0.0010038509979584038,-4.773895341259049e-07
2016-03-02,2.2780207030079684,0.0010020177269922195,-0.0001736669169929428
2016-03-03,2.2873063342037447,0.000997691464900058,0.0002925186777673616
2016-03-04,2.2988360839200968,0.0009943022527106914,0.0003619816076678717
2016-03-07,2.286801251384914,0.000996558898831453,-0.00037869984429050874
2016-03-08,2.2820101538009943,0.000989595418246784,-0.00014970622093812835
2016-03-09,2.267475881060497,0.0009787846051122653,-0.0004491888546880318
2016-03-10,2.259416825219975,0.0009697041798432375,-0.0002467614757364345
2016-03-11,2.255215831144971,0.0009628453586133704,-0.00012772247737302678
2016-03-14,2.2360850129922984,0.0009609337679439235,-0.0005804845598476049
2016-03-15,2.2496476353814914,0.0009619952169229867,0.00041198584466428656
2016-03-16,2.2519974435941346,0.0009660480133188003,7.167994286305657e-05
2016-03-17,2.239447965901361,0.0009508652982086255,-0.000376791822233713
2016-03-18,2.2349916078997496,0.0009544071494229492,-0.00013430267441094657
2016-03-21,2.2370672555083293,0.0009529453296802583,6.245813074201578e-05
2016-03-22,2.228408858415277,0.0009565028371490075,-0.0002615133222860777
2016-03-23,2.231244927905224,0.0009573437367651375,8.57338303603683e-05
2016-03-24,2.2225098898631055,0.0009548252495362282,-0.00026336278874339314
2016-03-28,2.2184212358000956,0.0009502430889385598,-0.00012268204250176495
2016-03-29,2.19442497529661,0.0009363530314068862,-0.0007094915071377272
2016-03-30,2.2181866281274614,0.0009343447804559988,0.0007010651384860012
2016-03-31,2.2227333603770267,0.0009381684324278607,0.00013469700512303007
2016-04-01,2.2297777634590066,0.0009293609748217771,0.00020672818949662997
2016-04-04,2.2277920417737156,0.0009281728313260888,-5.8200264135166435e-05
2016-04-05,2.229455901355294,0.0009353482915906687,4.914412561163317e-05
2016-04-06,2.238521237656665,0.0009317468102332025,0.0002667203546877772
2016-04-07,2.2484752854039747,0.0009387751328421618,0.00029508109756193335
2016-04-08,2.255782921776845,0.0009285688929942356,0.00021426997417961502
2016-04-11,2.2597741925315398,0.0009371592797296608,0.00011811542026407551
2016-04-12,2.2627579837950047,0.0009329440130778082,8.790171716555051e-05
2016-04-13,2.2754647789218003,0.0009452940807463529,0.00037930167097499634
2016-04-14,2.2648358275200886,0.0009496215858164821,-0.0003187238100395007
2016-04-15,2.264874792354859,0.0009440646988354282,1.1615616557492103e-06
2016-04-18,2.2579130033730004,0.0009416160029206608,-0.0002069978897054625
2016-04-19,2.2524539321972146,0.0009339442113165135,-0.00016099404206215695
2016-04-20,2.322954358995902,0.0009808394244497907,0.002183662383487217
2016-04-21,2.3273788513920186,0.0009967743501994814,0.00013925924454838423
2016-04-22,2.303787596923094,0.0009770994262719836,-0.0007278324780912726
2016-04-25,2.3134517898416433,0.0009733884394351938,0.00029703572332095973
2016-04-26,2.3182875421634983,0.000977318977794713,0.00014923204548722424
2016-04-27,2.3111901424737136,0.0009740405141417187,-0.00021828971927106977
2016-04-28,2.3214293526635608,0.000975131117369504,0.00031527512534523794
2016-04-29,2.3124136444441743,0.0009714340260511504,-0.000276548246787911
2016-05-02,2.313663531444529,0.000967550445369591,3.818595055804508e-05
2016-05-03,2.3237978626574027,0.0009705686649481263,0.00031058832884411913
2016-05-04,2.326860279965418,0.0009675504446115295,9.356166759744156e-05
2016-05-05,2.3269748479169454,0.0009658341524225914,3.49403690336203e-06
2016-05-06,2.3302731668840586,0.0009602984457283678,0.00010001376752200031
2016-05-09,2.3415042344738843,0.0009619952163817846,0.0003411616405486484
2016-05-10,2.3437797800491156,0.000951280729417349,6.835253351766823e-05
2016-05-11,2.3399240213662504,0.0009573437324109731,-0.00011655999583126686
2016-05-12,2.329381904798342,0.0009496215955955441,-0.0003161127138895381
2016-05-13,2.3114456567546493,0.0009596636133131479,-0.000543531529132224
2016-05-16,2.2966596678118165,0.0009539893180230771,-0.0004454073001767256
2016-05-17,2.301717343484814,0.0009725180998061753,0.0001553189921281728
2016-05-18,2.282686659059313,0.000978416245217038,-0.0005879507832702302
2016-05-19,2.300427052684961,0.0009819450014393963,0.0005500597115855044
2016-05-20,2.291659726023528,0.00099020351676452,-0.0002741268699679722
2016-05-23,2.297924716194644,0.0009897534826415338,0.0001957943390351602
2016-05-24,2.2924139930346983,0.000980839474908374,-0.00017066945613919415
2016-05-25,2.291893171411741,0.0009806188896517908,-1.6126720510101222e-05
2016-05-26,2.2942292436514626,0.0009738228713651115,7.183239439711997e-05
2016-05-27,2.290971246613918,0.0009718675084995203,-9.998084129847484e-05
2016-05-31,2.282400887382677,0.0009757865597785018,-0.0002640682591561472
2016-06-01,2.3034148985381275,0.0009736054327590284,0.0006460260923830674
2016-06-02,2.3121435308038443,0.0009731703965502774,0.0002682222854559768
2016-06-03,2.307656179915077,0.0009662624337381364,-0.00013691226621403985
2016-06-06,2.2946783627783955,0.0009592408437332063,-0.0003930876713411635
2016-06-07,2.292503720675423,0.0009602984401299781,-6.594174402607678e-05
2016-06-08,2.2962777701946577,0.0009554536865048998,0.00011386251033229655
2016-06-09,2.296376171477744,0.0009510729068864506,2.9551552813700255e-06
2016-06-10,2.27719427939939,0.0009463207325897568,-0.0005731881419279716
2016-06-13,2.29782890223658,0.0009572174333142521,0.0006237103396102839
2016-06-14,2.305718390371516,0.0009589155385979205,0.00023888930282112142
2016-06-15,2.2990003503501653,0.0009595544764357394,-0.00020355351060175053
2016-06-16,2.3057460115312187,0.0009532068826475558,0.00020303686650890995
2016-06-17,2.3226221201181323,0.0009642629238384264,0.0005138553145371816
2016-06-20,2.311942633526004,0.0009601938243455738,-0.0003237959885922237
2016-06-21,2.3200673903244344,0.0009570052603261736,0.000245521170299412
2016-06-22,2.326408647135172,0.0009627599538076727,0.00019278030251257405
2016-06-23,2.330678660083254,0.0009580656877203497,0.00012917754595775932
2016-06-24,2.3353575771103596,0.0009831224650458893,0.00014525462756864727
2016-06-27,2.346797796406234,0.000986487326880669,0.0003563552960343941
2016-06-28,2.3258083994035346,0.0009775641251931245,-0.0006478819778408251
2016-06-29,2.3343574265147358,0.000971850087629005,0.00026234442402994773
2016-06-30,2.3511023084273726,0.0009527866010657531,0.0005037678724590933
2016-07-01,2.3551456952440937,0.0009572174386787578,0.00012221552465518926
2016-07-05,2.356570723326027,0.000950691328499004,4.277864930202213e-05
2016-07-06,2.3537922473399484,0.0009540484620663674,-8.370434123605719e-05
2016-07-07,2.3981741316394043,0.000957853672991215,0.0013423773336569411
2016-07-08,2.400178564470059,0.0009517380250023565,6.023833297774672e-05
2016-07-11,2.4042972204088544,0.0009477732351518533,0.0001232614864647985
2016-07-12,2.4011277986287913,0.0009475653196640389,-9.483307279367637e-05
2016-07-13,2.4173438009699764,0.0009442535523940639,0.0004835059968826272
2016-07-14,2.421102318577252,0.0009452862243038863,0.0001121895736417855
2016-07-15,2.417679056351673,0.000946528310678635,-0.00010231658096415686
2016-07-18,2.407763128925451,0.0009465283116711687,-0.00029637268336557554
2016-07-19,2.4148024677833453,0.0009465283116711687,0.00021039562481917073
2016-07-20,2.4076986728718706,0.0009490217536275145,-0.00021288194602675503
2016-07-21,2.403349406943805,0.0009502736794670093,-0.00013050747239162774
2016-07-22,2.396812708291412,0.0009424011621243396,-0.00019451841811246595
2016-07-25,2.4067210499016225,0.0009477732276519092,0.0002965381163591019
2016-07-26,2.425333238601611,0.0009623310817661072,0.0005655860708912996
2016-07-27,2.49130390591361,0.0009951161975999855,0.0020730189908277907
2016-07-28,2.4920794581474546,0.0009894223471193404,2.42293127001858e-05
2016-07-29,2.511419631821988,0.0009898755087973188,0.0006044973068810577
2016-08-01,2.5220628902037268,0.0009939718085057278,0.00033404384018353994
2016-08-02,2.5125938357956983,0.0009921471119860132,-0.0002966423614196856
2016-08-03,2.490598011124279,0.0009896489055099332,-0.0006873412061736417
2016-08-04,2.5067888844427055,0.0009926028924701188,0.0005074581257673572
2016-08-05,2.514080669489896,0.0009932872089558108,0.00022869720454821163
2016-08-08,2.5043694916906785,0.0009942010564427542,-0.0003048583438953756
2016-08-09,2.50587108350212,0.0009935158420425578,4.7106145046882375e-05
2016-08-10,2.510279907224981,0.0009903292132021715,0.00013786449092378916
2016-08-11,2.494448857464431,0.0009871633009609214,-0.0004934580011308753
2016-08-12,2.481096039968609,0.0009808917900100075,-0.00041356666882563786
2016-08-15,2.472270350388385,0.0009762401461222291,-0.00027205718876643914
2016-08-16,2.4788558972089,0.0009853627622183102,0.00020490413002960395
2016-08-17,2.4766557703548093,0.0009802241439938039,-6.80966724502241e-05
2016-08-18,2.470079052880774,0.0009793357826579506,-0.00020337500851042023
2016-08-19,2.4776699272673595,0.0009833458211334929,0.0002356987716467529
2016-08-22,2.483038064012918,0.000987388469937099,0.0001673667469361817
2016-08-23,2.4749869347352322,0.0009849142513804305,-0.0002503849732988783
2016-08-24,2.4802511041857187,0.000984914249058495,0.0001637131017560023
2016-08-25,2.4851751588328552,0.0009889697027089066,0.00015376685912826815
2016-08-26,2.4952629301045395,0.0009969522253591336,0.0003175604681899813
2016-08-29,2.4951406941127843,0.0009919195869973142,-3.828453529308717e-06
2016-08-30,2.494307113794034,0.0009987947739812939,-2.6289288783232223e-05
2016-08-31,2.490232950710836,0.0009944296371496898,-0.0001279262795037539
2016-09-01,2.5074270131390795,0.0009962627423914198,0.0005408841486769234
2016-09-02,2.5031041511834027,0.0009891959496313202,-0.00013502088062011808
2016-09-06,2.4968325244968583,0.000986262450321967,-0.0001953101281344516
2016-09-07,2.4889325887728555,0.0009896488998899112,-0.0002468656903289457
2016-09-08,2.4818395600434924,0.0009898755090137483,-0.00022169991427745117
2016-09-09,2.493842062834496,0.001021691543173161,0.0003872206687844937
2016-09-12,2.486949647073324,0.000999949991378778,-0.00021761026417266294
2016-09-13,2.485895560920455,0.0010131808343971838,-3.372232738740877e-05
2016-09-14,2.5068857093493024,0.0010172667718446717,0.0006742098360206228
2016-09-15,2.5023178769624583,0.0010112692644619527,-0.00014585302680814038
2016-09-16,2.5105990945754595,0.0010165431898284398,0.00026580681212351465
2016-09-19,2.522289531664451,0.0010175080727736305,0.0003755869338846196
2016-09-20,2.522955484017233,0.001011746238668078,2.1274199696108553e-05
2016-09-21,2.5312888411712975,0.0010072310684948215,0.00026502733932431966
2016-09-22,2.522111013659427,0.0009971597254726493,-0.00028896534543321195
2016-09-23,2.5237951665567375,0.0010022869648444515,5.3299817068364064e-05
2016-09-26,2.5577673652162027,0.001018716763106365,0.0010927781050895646
2016-09-27,2.536247793894349,0.0010058137899492386,-0.0006834173703111901
2016-09-28,2.5600535072047603,0.0010163023438541704,0.0007639322887058597
2016-09-29,2.576456895076329,0.001019201176943454,0.0005278813198117405
2016-09-30,2.5827955450475772,0.0010122242819985711,0.00020258659787941724
2016-10-03,2.588183681874543,0.0010192011725821833,0.00017339834205643
2016-10-04,2.5723381693287695,0.0010238246159733745,-0.00051224080607426
2016-10-05,2.5479944138773427,0.0010245585390585349,-0.0007875223670765763
2016-10-06,2.563458890921979,0.0010270124407848057,0.0005014757383463575
2016-10-07,2.552383796726068,0.0010265206603666938,-0.00035896466864926424
2016-10-10,2.557905702068885,0.0010265206598227552,0.00017897553595958016
2016-10-11,2.553890414012285,0.0010312109228510103,-0.00013073844787925282
2016-10-12,2.5514844268839894,0.0010252934542752646,-7.788857755031131e-05
2016-10-13,2.54885600377336,0.0010257836754596534,-8.51312173608676e-05
2016-10-14,2.5762757177086715,0.0010279971040929974,0.0008900064299126598
2016-10-17,2.5811167581557695,0.0010297247335853158,0.00015739719520979634
2016-10-18,2.5607837086531875,0.0010206565895895026,-0.0006552600946747589
2016-10-19,2.5394236105087136,0.0010187167826703205,-0.0006870612696445733
2016-10-20,2.537323197870654,0.0010216292161757572,-6.775474176379248e-05
2016-10-21,2.5193319125763507,0.0010167845291415018,-0.0005776013082794407
2016-10-24,2.533748569765919,0.001006521932157862,0.00045816788092167826
2016-10-25,2.533064960080555,0.0010069943679077266,-2.1736083084533675e-05
2016-10-26,2.535242478856154,0.0010093649232180083,6.939956973894823e-05
2016-10-27,2.5439998309449217,0.0010170258342308697,0.00028122424002674506
2016-10-28,2.547848034537258,0.001014379174066438,0.00012325326223106003
2016-10-31,2.540725164128781,0.001010316230016043,-0.00022722335998537346
2016-11-01,2.5459125052033307,0.0010170258352374358,0.00016658040460981738
2016-11-02,2.5501507724560195,0.0010187167787754734,0.00013632759362280922
2016-11-03,2.549456668727205,0.0010192011795339623,-2.2337007379746865e-05
2016-11-04,2.550480812473082,0.0010275043709538898,3.322680220207985e-05
2016-11-07,2.531467004526943,0.0010088900888531626,-0.0006056773281812866
2016-11-08,2.5478810752937435,0.0009990179615492064,0.0005177619057832317
2016-11-09,2.5497187578258482,0.0010134205066204293,5.880517608147784e-05
2016-11-10,2.5343852239148643,0.0010463076038894825,-0.0005065929541103742
2016-11-11,2.52734727308265,0.0010440149899278233,-0.00023199576384058673
2016-11-14,2.4748667512975664,0.001040468806155444,-0.0017240695252667138
2016-11-15,2.469844132391696,0.0010336965085826798,-0.00016392719258817579
2016-11-16,2.477197259001487,0.0010382016167069079,0.00024104025909821303
2016-11-17,2.4834321409238824,0.0010417322168258403,0.00020507735845853858
2016-11-18,2.4885674963172404,0.0010470739384210942,0.00016977763398529078
2016-11-21,2.4845835179140567,0.0010356940640258478,-0.0001302780067362619
2016-11-22,2.4992654875597924,0.0010354438628572776,0.00048000270842862847
2016-11-23,2.4812595914005717,0.0010417322136068473,-0.0005922522254309115
2016-11-25,2.4722409075185707,0.0010314590875588883,-0.00029371136579925405
2016-11-28,2.4741232251371343,0.0010260292257357854,6.097966476659167e-05
2016-11-29,2.483094756892785,0.001032256385546783,0.00029241132951085547
2016-11-30,2.4903567366296864,0.0010527000312826615,0.0002413811632351326
2016-12-01,2.474800794366541,0.0010574115100000898,-0.0005193590895800071
2016-12-02,2.5021532717884614,0.0010524396594237685,0.0009088969958384041
2016-12-05,2.488900583813652,0.0010457102076198758,-0.0004375599865937829
2016-12-06,2.5127122571129523,0.0010469976788698718,0.0007871629074713837
2016-12-07,2.499569752203239,0.0010287599432669174,-0.00042688589006445454
2016-12-08,2.5022932007940235,0.0010365336694394104,8.91337340078735e-05
2016-12-09,2.4754931538965486,0.0010113866824688516,-0.0008558036933266067
2016-12-12,2.5088924084788107,0.0010137982718759438,0.0010691363198418458
2016-12-13,2.5391808482927862,0.0010171931643297245,0.0009728020484232047
2016-12-14,2.5448394410759674,0.0010307550682162687,0.00018416669560394894
2016-12-15,2.5440738339533664,0.0010223288776107368,-2.4713142465770943e-05
2016-12-16,2.5461993391130475,0.0010176801831820103,6.829836462429739e-05
2016-12-19,2.539404705285,0.0010193880757529592,-0.00021869925146233982
2016-12-20,2.5277298416028624,0.001019632763571591,-0.0003758684651131716
2016-12-21,2.5283593325095133,0.0010218377144530452,2.031011761971513e-05
2016-12-22,2.54526336559868,0.0010223288678721761,0.0005456576829061532
2016-12-23,2.535958034778956,0.0010211015917411983,-0.0003000123324738979
2016-12-27,2.5363032791617277,0.0010208564507102383,1.1128345832389641e-05
2016-12-28,2.537414613985621,0.001026276906797959,3.601234645600471e-05
2016-12-29,2.5335395669075504,0.0010211015960290516,-0.0001249340352700301
2016-12-30,2.533373037025355,0.0010245460065134715,-5.38721850773527e-06
2017-01-03,2.5132680618305634,0.0010162209261340034,-0.0006450982845365161
2017-01-04,2.527105325070505,0.0010198771873531198,0.0004455959905982354
2017-01-05,2.5177094443030072,0.0010174365550281107,-0.000301844815751906
2017-01-06,2.5146986383839485,0.00101768017794435,-9.674649218993636e-05
2017-01-09,2.513532966618052,0.001028013468003127,-3.7837340485680215e-05
2017-01-10,2.4942552968949694,0.001035019844822993,-0.0006300031235326742
2017-01-11,2.489719450141515,0.0010347680537037417,-0.00014819532212584363
2017-01-12,2.4965215351443257,0.0010372920221077052,0.00022278069918968413
2017-01-13,2.4936871106630423,0.001039066795130472,-9.299109434834918e-05
2017-01-17,2.488706462722439,0.0010305051070055675,-0.00016205541707847715
2017-01-18,2.4978436290360784,0.0010287599246915388,0.00029679735875731694
2017-01-19,2.497690754358229,0.0010325072243992693,-4.983865935059839e-06
2017-01-20,2.5081764613121145,0.0010280134844481913,0.0003403524391103474
2017-01-23,2.5201720278283033,0.0010252869868215705,0.00038833036319374514
2017-01-24,2.5086991478404252,0.0010137982865653147,-0.00036724550578526305
2017-01-25,2.4932169044382526,0.0010085086719190694,-0.0004930078699061369
2017-01-26,2.500393940756459,0.0010159781679854828,0.00023023840228120207
2017-01-27,2.5061280842041684,0.001024792978373416,0.00018554543871118767
2017-01-30,2.5154584637051967,0.0010265247869823398,0.0003024177703849773
2017-01-31,2.5061532929251693,0.0010218377219455201,-0.00030022110162519766
2017-02-01,2.5062385507367306,0.0010295071222347477,2.7714436185988234e-06
2017-02-02,2.522479089033859,0.0010260292235720922,0.0005261314811946249
2017-02-03,2.540076098987197,0.0010225750977372564,0.0005681588751400568
2017-02-06,2.5258439172560347,0.0010220835175791406,-0.00045929997196481054
2017-02-07,2.530245613979832,0.0010137982831623386,0.00014089870389000225
2017-02-08,2.5249412551850803,0.0010109062035784846,-0.0001693109820735117
2017-02-09,2.5788235218826085,0.001029756356424822,0.0017519939293180187
2017-02-10,2.6246266732424757,0.0010467401352497044,0.0015138312440257096
2017-02-13,2.632462197933742,0.0010457102008079343,0.00025870623524326675
2017-02-14,2.6482064060828665,0.0010480294426936554,0.0005209832520023383
2017-02-15,2.649399971837589,0.0010503595918874785,3.958337005371959e-05
2017-02-16,2.6344131942895808,0.0010310050844484478,-0.0004878503492307118
2017-02-17,2.6332117318133705,0.001030255425303343,-3.9083172239884334e-05
2017-02-21,2.6478842513247707,0.0010245460165695902,0.0004746450705255256
2017-02-22,2.640203165002085,0.0010211015941471232,-0.00024764409043598334
2017-02-23,2.639526288281286,0.0010196327654173126,-2.1791751350974664e-05
2017-02-24,2.6389116080319335,0.0010167068757182462,-1.973257673171247e-05
2017-02-27,2.6323944538920907,0.0010193880747085223,-0.000209768412048561
2017-02-28,2.640740616544838,0.001012349933286432,0.0002667808073510969
2017-03-01,2.630703209249178,0.0010075528128904235,-0.0003193232536062851
2017-03-02,2.620542977916246,0.0010002051451162835,-0.00032087424574456236
2017-03-03,2.6306128235072634,0.0009999702843608064,0.0003179496719809549
2017-03-06,2.627052400447688,0.001007075366831195,-0.00011321796672802975
2017-03-07,2.6314677339333414,0.0010116272043383854,0.0001410365231038213
2017-03-08,2.6309914314399836,0.0010116272090758013,-1.5214124090334735e-05
2017-03-09,2.6217650168407025,0.0010106660525637324,-0.00029443119426275643
2017-03-10,2.61926020090316,0.0010044580739264361,-7.944177460217361e-05
2017-03-13,2.6081253304940573,0.0010018325432055387,-0.0003522296321136764
2017-03-14,2.610167138785098,0.0010032627155207691,6.468120903946328e-05
2017-03-15,2.6429462305441405,0.000999693850398285,0.001034688532612904
2017-03-16,2.6355648000616863,0.0009966206954273471,-0.00023228325515844972
2017-03-17,2.655293239747715,0.0010018325353523085,0.0006240799903878269
2017-03-20,2.640184137193418,0.000998273157822298,-0.00047624934323664547
2017-03-21,2.634910695949163,0.000990763627628483,-0.000164972038248834
2017-03-22,2.6482641534564677,0.000993566660004965,0.00041893302393702925
2017-03-23,2.6557549230307127,0.0009985096110916934,0.0002361741001095652
2017-03-24,2.6669919935010293,0.0009996938456642932,0.000354707154357925
2017-03-27,2.6475534899464432,0.0009949739925152702,-0.0006106907109000304
2017-03-28,2.6553026402268114,0.0009923971875970235,0.00024282272950415518
2017-03-29,2.6554626957972194,0.0009926305750890007,5.016611765995549e-06
2017-03-30,2.6383786869435397,0.0009884402645224074,-0.0005332001514091189
2017-03-31,2.6407538671227675,0.0009921634262190983,7.44106368699704e-05
2017-04-03,2.642622153260245,0.0009928644905964677,5.8571415749497646e-05
2017-04-04,2.6310815585823697,0.0009865895465184925,-0.0003595122983170995
2017-04-05,2.6345705647641497,0.0009891364224830907,0.00010897163434719914
2017-04-06,2.6199611395278106,0.000986820562556208,-0.00045522245586937515
2017-04-07,2.6243376966471614,0.0009882087752638206,0.00013656400442130234
2017-04-10,2.6290424928303686,0.0009863589825413427,0.00014653075004389393
2017-04-11,2.624088569074221,0.0009870516876634933,-0.0001543988455523504
2017-04-12,2.650812408946774,0.0009806214461901693,0.0008274690246707905
2017-04-13,2.6383682878037087,0.0009840559039254943,-0.0003866717551375132
2017-04-17,2.6360950445674147,0.0009776648392114367,-7.017601556924546e-05
2017-04-18,2.6333580972395745,0.0009684541946010723,-8.369506959127193e-05
2017-04-19,2.63328772931453,0.0009740494291219994,-2.1643137557703085e-06
2017-04-20,2.641137373193298,0.0009772109642813508,0.00024221408375524334
2017-04-21,2.6386538119844083,0.000977664832963382,-7.666965086627897e-05
2017-04-24,2.6464438323608652,0.0009729252934696294,0.00023931742506988485
2017-04-25,2.653161393656403,0.0009767582086640247,0.00020718607903802422
2017-04-26,2.6259843308392,0.0009738241256779308,-0.0008356808101410707
2017-04-27,2.6239294489797045,0.000979026878966219,-6.352483435989598e-05
2017-04-28,2.630269177207729,0.0009758537321728018,0.0001953492212578567
2017-05-01,2.6028591952352373,0.0009742745075055723,-0.0008432346164823912
2017-05-02,2.5928751949984252,0.0009704608938247775,-0.00030594311677134556
2017-05-03,2.58550037614659,0.0009720278831012892,-0.00022635600547005197
2017-05-04,2.592200853493351,0.0009644652312311361,0.00020405618523966496
2017-05-05,2.596387043839843,0.0009638037200395008,0.00012740048707371443
2017-05-08,2.5845700844364266,0.0009594157261132802,-0.00035799323281082707
2017-05-09,2.5956072650856132,0.0009677870823085553,0.0003372930341498659
2017-05-10,2.59480267936405,0.0009664554237205402,-2.4553646213121283e-05
2017-05-11,2.5934503215022957,0.0009642445492918624,-4.117568747119549e-05
2017-05-12,2.595218758901632,0.0009660124581711509,5.3943242207310504e-05
2017-05-15,2.610497496046374,0.0009629229384398892,0.0004645589663567762
2017-05-16,2.599950332071949,0.0009602901039427324,-0.00031981696099592227
2017-05-17,2.594070561853025,0.0009585431562687192,-0.00017796591610874657
2017-05-18,2.608382473204379,0.0009613847868232307,0.00043447253679573805
2017-05-19,2.5947076891027834,0.0009591970175035492,-0.00041418318876651483
2017-05-22,2.601150421889198,0.0009531237363606739,0.00019390226248106046
2017-05-23,2.5967549027773114,0.0009486187101180707,-0.00013166444384182796
2017-05-24,2.5823288837520697,0.0009351481273632067,-0.0004259825117003402
2017-05-25,2.5931309902332482,0.0009273293715803177,0.0003163116414128808
2017-05-26,2.602662978462875,0.0009277375699525557,0.00027924655719857583
2017-05-30,2.6025849919335533,0.0009269215208463863,-2.282659252728081e-06
2017-05-31,2.592871701859082,0.0009261070079963676,-0.000284057582831565
2017-06-01,2.582683249601148,0.0009196404293053801,-0.0002958715409420165
2017-06-02,2.5867148752546605,0.0009176376338884058,0.00011682417364511366
2017-06-05,2.5856999765150155,0.0009156440479103477,-2.9344822976895557e-05
2017-06-06,2.5823154652150784,0.0009158429444501265,-9.788152809164785e-05
2017-06-07,2.59456455473787,0.0009252938140549921,0.00035790754391484825
2017-06-08,2.590494054550395,0.0009330776246334563,-0.00011993571568780226
2017-06-09,2.580752466582431,0.0009291694863773724,-0.00028582474239158273
2017-06-12,2.5866230694297903,0.0009289645500868736,0.00017221066376293948
2017-06-13,2.5846086190812,0.0009275216502152409,-5.900086866006404e-05
2017-06-14,2.5923880178411696,0.0009219983085356002,0.00022649200991509133
2017-06-15,2.5917204004224645,0.0009230158441971199,-1.9458904247926512e-05
2017-06-16,2.580570037411978,0.0009217950868858692,-0.0003245664746884813
2017-06-19,2.5860539773333877,0.0009203740392312767,0.00015938143037885766
2017-06-20,2.5874955101586674,0.0009157365615181987,4.168454354669393e-05
2017-06-21,2.598077579988751,0.0009236277915292286,0.00030864156789789376
2017-06-22,2.578556005791722,0.0009266993490954837,-0.0005712621277496055
2017-06-23,2.586185845010672,0.0009230158476016677,0.00022238338708291394
2017-06-26,2.5794753086669244,0.0009193621073269644,-0.0001948153278732434
2017-06-27,2.5750231206588876,0.0009271101050300915,-0.00013034372379649994
2017-06-28,2.5693975744345696,0.0009215915513205035,-0.00016371183588148597
2017-06-29,2.5706914462672206,0.0009316556317514329,3.806554384766514e-05
2017-06-30,2.5764583809157067,0.0009312410542930884,0.00016958375782394342
2017-07-03,2.580521917119798,0.0009331116438828265,0.00011973357354122527
2017-07-05,2.573951912007131,0.0009318635424264635,-0.00019332775752900488
2017-07-06,2.5944449316783524,0.0009406706887556276,0.0006087294883059258
2017-07-07,2.6036052667157854,0.0009408825325355993,0.00027215760253795906
2017-07-10,2.576267588475322,0.0009410943582417945,-0.0008123971993683199
2017-07-11,2.5671950431895607,0.0009421550248007084,-0.0002699139891433333
2017-07-12,2.5799477950245238,0.0009383482540983262,0.000377867395428666
2017-07-13,2.5677257258445496,0.0009400363939628017,-0.00036279781193115923
2017-07-14,2.573720083967281,0.0009347809954847618,0.00017693929849826873
2017-07-17,2.5708510543655643,0.0009337370571610849,-8.459315348829932e-05
2017-07-18,2.5760896043954227,0.00093499028950123,0.00015466610233261235
2017-07-19,2.5742648791183034,0.0009316556417721399,-5.368185136944703e-05
2017-07-20,2.578630461152641,0.0009318635413319802,0.0001284611591358953
2017-07-21,2.5914841726845483,0.0009275216523595148,0.00037646798440960083
2017-07-24,2.591319440231441,0.0009314485591070138,-4.845276535547782e-06
2017-07-25,2.5754977357158015,0.0009232198134474695,-0.00046124581331241643
2017-07-26,2.563528729377293,0.0009131363882299978,-0.00034512021605337395
2017-07-27,2.5456652091108403,0.0009056187448257293,-0.0005108509053854959
2017-07-28,2.535870471393232,0.0009077822709615217,-0.0002807779543871902
2017-07-31,2.5452590300991607,0.0009111460566819404,0.0002701313878930023
2017-08-01,2.5379616700969354,0.000913934480678023,-0.0002106043847049932
2017-08-02,2.5372778048419815,0.0009161382642066229,-1.9784123026056477e-05
2017-08-03,2.5479404058084367,0.0009145346562939348,0.0003079258724341116
2017-08-04,2.5589984576465263,0.0009179485371419409,0.0003205401545898212
2017-08-07,2.5640882812377104,0.0009151350122519637,0.00014708539676178134
2017-08-08,2.5608590763895425,0.0009159372156770738,-9.339970640098727e-05
2017-08-09,2.559664240990142,0.0009161382656104292,-3.456628903109049e-05
2017-08-10,2.545811667535961,0.0009131363832896002,-0.0003994371099906857
2017-08-11,2.557019608291208,0.0009161382636481537,0.00032424457869240086
2017-08-14,2.574345804487708,0.0009119410889569792,0.0004989440414391311
2017-08-15,2.5770985511749838,0.000904247274697009,7.860235935197579e-05
2017-08-16,2.5793574396321377,0.0009040519939850791,6.448761315880347e-05
2017-08-17,2.5829879725596196,0.0009107487102011998,0.00010441426668705844
2017-08-18,2.5764351494818634,0.0009145346525419905,-0.00018924121800978355
2017-08-21,2.59031036528294,0.0009143346110722955,0.00040061661420054406
2017-08-22,2.5874082436979435,0.000915937215116588,-8.393945658724533e-05
2017-08-23,2.576981237378138,0.0009171430115988801,-0.00030198178671980713
2017-08-24,2.5607886480335766,0.0009197665888194646,-0.0004703033483508534
2017-08-25,2.543674374317867,0.0009165399227837361,-0.0004953254288864173
2017-08-28,2.545229405207595,0.0009195640461854966,4.5154968219662805e-05
2017-08-29,2.5501525509956813,0.0009189580764696885,0.0001428631704811778
2017-08-30,2.556073720788163,0.0009201713296156727,0.00017205173953982467
2017-08-31,2.5599287469354053,0.0009169423352733701,0.00011162203955450423
2017-09-01,2.5494987115201884,0.0009123389725197061,-0.0003004853873420643
2017-09-05,2.542380992740098,0.0009095596576235397,-0.0002044353127530485
2017-09-06,2.5506780182772153,0.0009087686729295059,0.00023810118605638309
2017-09-07,2.5469850236714957,0.0009024902687298332,-0.00010524588932980805
2017-09-08,2.5034826029862023,0.0009021008220659445,-0.0012392451359346524
2017-09-11,2.5056844873930544,0.0008978381486878834,6.242807323530997e-05
2017-09-12,2.4801011605742698,0.0008939978967531456,-0.0007222419526442536
2017-09-13,2.4603338080862693,0.0008911386858320862,-0.0005562690239884205
2017-09-14,2.4754801793968593,0.0008986702923754426,0.000429838384278014
2017-09-15,2.4860173458540387,0.0008973089915509918,0.00029857654917009313
2017-09-18,2.492829817572493,0.0008986702963656604,0.0001933287861675126
2017-09-19,2.489016566474498,0.0009012089316216762,-0.00010852061511457123
2017-09-20,2.480024339084387,0.0009051428089622344,-0.0002570249607032338
2017-09-21,2.483597766436362,0.0009127125838075874,0.00010299349941078617
2017-09-22,2.4578338293211606,0.0009109084725764185,-0.0007410902666151742
2017-09-25,2.449029979773895,0.0009069245493717649,-0.00025213188057193747
2017-09-26,2.452616883508868,0.0009093104296506164,0.0001029959072695874
2017-09-27,2.4877870191749705,0.0009282385771883663,0.0010309257728380317
2017-09-28,2.48488223424926,0.0009226625956626569,-8.463174859230094e-05
2017-09-29,2.474703598817938,0.0009206143409551007,-0.000295901637898055
2017-10-02,2.434786633699307,0.0009249258221008056,-0.0011658639027984918
2017-10-03,2.4139792407060128,0.0009169505506761965,-0.000602476879777214
2017-10-04,2.402138634879521,0.0009107082136270223,-0.00034051313772920366
2017-10-05,2.425428909279602,0.0009103084491456363,0.0006694970447114201
2017-10-06,2.4259493797591776,0.0009109084709262661,1.4971209239433847e-05
2017-10-09,2.4216414795654266,0.0009125115322751463,-0.0001241338407709236
2017-10-10,2.41413980931676,0.0009033683619998011,-0.00021399527061305434
2017-10-11,2.417913505589465,0.0008988646225447937,0.00010711443447064539
2017-10-12,2.437755655591021,0.000898670297375943,0.0005630919634285192
2017-10-13,2.4377562000538764,0.0008973089915509918,1.5427659150191175e-08
2017-10-16,2.4351198041728255,0.0008888467683655967,-7.399887847725495e-05
2017-10-17,2.4107186011109882,0.0008907561948038781,-0.0006863805968890802
2017-10-18,2.4117619726798636,0.0008930577896383642,2.9424757059359763e-05
2017-10-19,2.41737172115133,0.0008894188308568262,0.00015755814028750592
2017-10-20,2.405485707148325,0.000893442832894648,-0.0003353501563907457
2017-10-23,2.4103149389464025,0.0008945992861663413,0.00013642672142566425
2017-10-24,2.397288530289902,0.0008973089889232204,-0.00036911331935129965
2017-10-25,2.3892914439718917,0.0008998401273712102,-0.00022724221868486438
2017-10-26,2.3942497268745457,0.0008963395398956809,0.00014034353179681602
2017-10-27,2.3997429095328857,0.000899449747400933,0.0001560247255270042
2017-10-30,2.390036792089313,0.0009035650073322467,-0.00027694696845514954
2017-10-31,2.3963959907881938,0.0009012089348382792,0.0001809736783684457
2017-11-01,2.4036304000129256,0.0009047480154254507,0.0002066909546556417
2017-11-02,2.397707209010576,0.0009031714932546473,-0.0001689325466571745
2017-11-03,2.3967054656607356,0.0009014046498406229,-2.8514396007039977e-05
2017-11-06,2.4019506166856637,0.0009113087521001563,0.00015094430452222696
2017-11-07,2.40370701287765,0.0009019928017128235,5.00273271484275e-05
2017-11-08,2.4243185194085584,0.0008973089937042709,0.0005840351641523966
2017-11-09,2.4104814431533765,0.0008963395382637038,-0.0003916583638101656
2017-11-10,2.421682214488874,0.0008903737530001115,0.00031492652362885565
2017-11-13,2.439947395516189,0.0008869460668806474,0.0005115798769850244
2017-11-14,2.439686910120199,0.0008736790122445006,-7.1866272151055455e-06
2017-11-15,2.4578915887657313,0.0008852419475844332,0.0005089198369603309
2017-11-16,2.4744122496420706,0.0008901823114352966,0.00046441243117101294
2017-11-17,2.5078421160241,0.0009065276916868121,0.0009570083832244336
2017-11-20,2.526703980548948,0.0009115090812111567,0.000542918793712488
2017-11-21,2.533943658264976,0.0009051428158600261,0.0002069279523482237
2017-11-22,2.5095008263984266,0.0009039591672224595,-0.0006977304922486383
2017-11-24,2.5251457298897804,0.000903171492731016,0.0004462015748316617
2017-11-27,2.522970825624215,0.0009027783170977225,-6.200257365662765e-05
2017-11-28,2.5468690452686387,0.0009041562740606493,0.0006823361001835337
2017-11-29,2.5668813737175222,0.0009107082048596714,0.0005755296088949535
2017-11-30,2.5416055344117554,0.000897984372006448,-0.0007167290627307921
2017-12-01,2.536177880486985,0.0008940804005782589,-0.00015324200904842655
2017-12-04,2.5365958329055136,0.0008890564984981207,1.1734008765529325e-05
2017-12-05,2.5377552763151,0.0008884801364328809,3.253053056084809e-05
2017-12-06,2.5555174348548757,0.0008848485549609273,0.0004963152307055907
2017-12-07,2.5456176277327467,0.000897788177812524,-0.000280673446255264
2017-12-08,2.5684708913226553,0.0009070934755125027,0.0006546280693413564
2017-12-11,2.5854025218553707,0.0009066937145325185,0.00048478179044764147
2017-12-12,2.5879183816805806,0.0009074937005472122,7.209706718924735e-05
2017-12-13,2.5622479560381413,0.0008954429524340206,-0.0007258605431843534
2017-12-14,2.5597646118935504,0.0008929160583481016,-7.00225917427133e-05
2017-12-15,2.576819343501809,0.0008898254717546322,0.0004792268321978099
2017-12-18,2.565997190125011,0.000894858664258846,-0.00030581858453615496
2017-12-19,2.5669813799299033,0.0008909818611332008,2.7690963605664365e-05
2017-12-20,2.5786419842286086,0.0008919481008102426,0.00032843872952526
2017-12-21,2.5891469720897917,0.0009013292066268415,0.0002990030523903897
2017-12-22,2.5971616716245354,0.0009015268423155954,0.00022816830276894962
2017-12-26,2.5910204037607287,0.0008972007523451554,-0.00017399438414145152
2017-12-27,2.5931573966444703,0.0008948586689639361,6.038756967541303e-05
2017-12-28,2.6061503650591233,0.0008989653664484513,0.000368845753058622
2017-12-29,2.6094734210103683,0.0008958330499838358,9.400560834649241e-05
2018-01-02,2.5881991215068316,0.0009025159926928439,-0.0006063232898156912
2018-01-03,2.587068445289115,0.0009045004339306506,-3.22951032671881e-05
2018-01-04,2.563720816328967,0.0008919481093911324,-0.0006576056958493837
2018-01-05,2.571619529571844,0.0008921414477248184,0.00022252720451376717
2018-01-08,2.5607893726515565,0.0008934979917844982,-0.00030557776776163337
2018-01-09,2.549994313433825,0.0008890564981337347,-0.000303071463207516
2018-01-10,2.545841675620383,0.0008921414459031129,-0.00011699116122088071
2018-01-11,2.534494781192676,0.000892722182026226,-0.0003198795406831323
2018-01-12,2.5392576530036752,0.0008905960633898043,0.00013394962914503594
2018-01-16,2.528831060084113,0.0008833285848885069,-0.00029084084764008367
2018-01-17,2.5412971924944943,0.0008778614626492581,0.00034558264262329885
2018-01-18,2.5352903594333167,0.0008767387508109361,-0.00016630821977514643
2018-01-19,2.543935842763484,0.0008715371434423999,0.0002379424944507491
2018-01-22,2.56035376588514,0.0008674936025396774,0.00044976302434918125
2018-01-23,2.5521769925538345,0.0008662146024652714,-0.00022367079345997354
2018-01-24,2.528571099687781,0.0008593379145845142,-0.0006405965742004582
2018-01-25,2.523020709569087,0.0008591584260103476,-0.0001505920511988279
2018-01-26,2.5048498444720146,0.000846951538537564,-0.0004859986548382267
2018-01-29,2.504677687651081,0.000861678047058572,-4.684730967596806e-06
2018-01-30,2.5246177020111875,0.0008669452002163694,0.0005459131655101146
2018-01-31,2.523685457050589,0.0008636686029214578,-2.5426023981367507e-05
2018-02-01,2.5311242973903987,0.0008662146003208102,0.00020348641842815596
2018-02-02,2.5353010979877513,0.0008795506818018537,0.000116014545511689
2018-02-05,2.545586298079804,0.0009155734625452071,0.00029738407184254356
2018-02-06,2.5380241093820524,0.0009200789385049577,-0.00021971419232613698
2018-02-07,2.542934068254027,0.0009223481755914276,0.000143006434583981
2018-02-08,2.5514735891588,0.0009535644687099437,0.00025714452877423355
2018-02-09,2.5735279196219794,0.0009529017514819244,0.0006636056199624818
2018-02-12,2.5414410156382856,0.0009347137882841351,-0.0009470384605236859
2018-02-13,2.533510646547693,0.0009300641752284607,-0.0002329058929575467
2018-02-14,2.470135365917749,0.000931960509062582,-0.0018650741031080997
2018-02-15,2.4740358524822246,0.00091782044381278,0.00011304412446122569
2018-02-16,2.465043839682437,0.0009137429589329299,-0.0002594550715002697
2018-02-20,2.484636410393951,0.0009342889761985296,0.0005780498960916702
2018-02-21,2.487822057912975,0.0009482884133577685,9.53937882570699e-05
2018-02-22,2.5064229784623206,0.0009443698918130462,0.0005546837751353451
2018-02-23,2.4863842149426283,0.0009332291498953954,-0.0005905093613023382
2018-02-26,2.5154764452573906,0.0009334412131530968,0.0008575130088104288
2018-02-27,2.5379812023993824,0.000942206932046976,0.000669577341909644
2018-02-28,2.5346969081481614,0.0009509190281070972,-9.861935753008311e-05
2018-03-01,2.5038245062416182,0.0009463254836022184,-0.0009225257188489877
2018-03-02,2.508348306635128,0.0009400537683287676,0.00013428418556316046
2018-03-05,2.5075740240930506,0.00093641593000273,-2.289500017127466e-05
2018-03-06,2.508724894798914,0.0009355642886142444,3.3999707184761974e-05
2018-03-07,2.520978593973656,0.0009379105065740227,0.0003629152894859544
2018-03-08,2.5359285567897825,0.000924628638834238,0.0004364925451483259
2018-03-09,2.5253380961610845,0.0009170019550538101,-0.0003066635580921684
2018-03-12,2.546499931322336,0.0009229689984866983,0.0006167738789457644
2018-03-13,2.5633978802932678,0.0009221411138407105,0.0004920529259777595
2018-03-14,2.5642895866165216,0.0009305594531570723,2.620296618260909e-05
2018-03-15,2.5566014712244596,0.0009329010855095032,-0.00022648224373256198
2018-03-16,2.5609164570762566,0.0009374051416734975,0.00012772776410940878
2018-03-19,2.5432779499797444,0.0009417351097271582,-0.0005245263382960275
2018-03-20,2.538533646708483,0.0009439150164281179,-0.00014140976981025233
2018-03-21,2.5210960877750614,0.0009474239449928912,-0.0005216795104558969
2018-03-22,2.5165839277288384,0.0009527372170729364,-0.00013574713510422498
2018-03-23,2.5000023344247686,0.000962406464208274,-0.0005039152200083663
2018-03-26,2.4943231103557384,0.0009542981079994667,-0.00017113323103501443
2018-03-27,2.5019720248533077,0.0009498521653189004,0.000229415105494013
2018-03-28,2.5125749169263654,0.0009404319802916346,0.00031486016966653096
2018-03-29,2.5055375950907224,0.0009380521350100407,-0.000208452513732027
2018-04-02,2.5010982725096103,0.0009547446629126681,-0.00013383986305370854
2018-04-03,2.4863702322195858,0.0009391322321393549,-0.00043675022166667077
2018-04-04,2.4828708811715074,0.0009208917950223163,-0.00010175669730472237
2018-04-05,2.482678335602643,0.0009175761081011783,-5.5789941058037584e-06
2018-04-06,2.48098460312907,0.0009275956101807756,-4.961242221668272e-05
2018-04-09,2.487891026446125,0.0009294986680375805,0.00020271302152252701
2018-04-10,2.4793077735888587,0.0009261204544340934,-0.00025101297534035893
2018-04-11,2.4629975323545676,0.0009261204519536303,-0.0004769879048751591
2018-04-12,2.4523794947456214,0.0009252804009605965,-0.00031023928596596306
2018-04-13,2.4472050540837977,0.0009153102566801406,-0.0001495572956144997
2018-04-16,2.4526112056421265,0.0009118303929545059,0.00015566275878597935
2018-04-17,2.41839007882568,0.0009077703512137718,-0.0009809658688624268
2018-04-18,2.396152202462785,0.000915310244418713,-0.0006427638117258994
2018-04-19,2.375242324886771,0.0009194379349303486,-0.0006070987979853726
2018-04-20,2.3357836946667043,0.0009314095337189451,-0.0011605655392230574
2018-04-23,2.3252791958724046,0.0009263312759535345,-0.00030726775989364796
2018-04-24,2.3479918076532273,0.0009458857542455011,0.0006784113840012651
2018-04-25,2.376589036375863,0.0009601402291051826,0.0008670337380749515
2018-04-26,2.408002253107575,0.0009529597881323396,0.0009452563532050817
2018-04-27,2.341274591837158,0.0009406489399961178,-0.0019819696202603154
2018-04-30,2.3288793583842686,0.000942823804439069,-0.0003690283804473893
2018-05-01,2.320411183654404,0.0009565364760154059,-0.0002557818578310389
2018-05-02,2.304622660456214,0.0009685785884099596,-0.00048289031916226577
2018-05-03,2.3227484416158104,0.0009725057966852677,0.0005566121169948701
2018-05-04,2.3297003337453,0.0009617252672376429,0.00021111055490052877
2018-05-07,2.3238961900855544,0.0009667416743448021,-0.00017718038100156264
2018-05-08,2.307911992114809,0.0009743646945331198,-0.0004917885818116474
2018-05-09,2.294533321905927,0.000975063821843445,-0.00041191340184809633
2018-05-10,2.2989915613438354,0.0009658254983364163,0.00013596198812138027
2018-05-11,2.3049583838480387,0.0009667416779013075,0.0001821449652652518
2018-05-14,2.3038079599254737,0.000969038974295863,-3.520164473513887e-05
2018-05-15,2.313104927724495,0.0009764647257969581,0.00028665722901166646
2018-05-16,2.3319174680388577,0.0009804562417423412,0.0005824197601640435
2018-05-17,2.3078159585569584,0.0009630881079684705,-0.0007329257764467911
2018-05-18,2.304671072113995,0.0009658254879211433,-9.591116058516036e-05
2018-05-21,2.3391529693603963,0.0009605926379658001,0.001045903090783895
2018-05-22,2.3579348816647054,0.0009642267195582475,0.0005718549682427465
2018-05-23,2.361834022787274,0.0009608188811478012,0.00011829678845742819
2018-05-24,2.3599440280168045,0.0009626335705404,-5.744968862586575e-05
2018-05-25,2.35854685162349,0.0009608188797916724,-4.2389331767367366e-05
2018-05-29,2.36152283830117,0.0009545210673100709,8.969726495422492e-05
2018-05-30,2.353767730641242,0.0009445711381533704,-0.00023130569964280312
2018-05-31,2.3456290048684068,0.0009474239455178131,-0.00024348598574874813
2018-06-01,2.3391000811001383,0.0009447897878507903,-0.00019478098751335438
2018-06-04,2.3162056776914017,0.0009367589489350861,-0.0006772138639945524
2018-06-05,2.3386826085156853,0.0009450089666996103,0.0006707358474216107
2018-06-06,2.334225806742605,0.0009374051510030904,-0.00013192265885209054
2018-06-07,2.342931941471465,0.0009378363709930138,0.00025782651580641414
2018-06-08,2.3461949150262114,0.0009269628665596579,9.550943289582392e-05
2018-06-11,2.353036815158933,0.0009231851764626337,0.00019945420913813905
2018-06-12,2.3669667260185,0.0009173695582110464,0.0004035255363987744
2018-06-13,2.39726564029593,0.0009221412123498548,0.0008822860370827357
2018-06-14,2.4056330229874447,0.0009265812121118243,0.000244825135879978
2018-06-15,2.4322289003463617,0.0009152500525700713,0.0007686504379194048
2018-06-18,2.4130378417011427,0.0009272187317067478,-0.0005619138784567212
2018-06-19,2.423511426796236,0.0009261565481203945,0.0003063080468876933
2018-06-20,2.439097185108791,0.0009334293359859493,0.0004594008662337501
2018-06-21,2.481789044788963,0.0009371083482488063,0.00126331872793628
2018-06-22,2.4986856267136632,0.0009336448703847691,0.0004981432364843386
2018-06-25,2.493970485898392,0.0009265812205718384,-0.0001379595550048407
2018-06-26,2.4867279434353855,0.0009319223866749017,-0.0002131337715383097
2018-06-27,2.5068103188889106,0.0009375434334629334,0.0005945466396184429
2018-06-28,2.4931779069499096,0.0009289237677806504,-0.00039987493178728073
2018-06-29,2.4753317438798614,0.0009206709652496945,-0.0005188291553110957
2018-07-02,2.496566323720549,0.0009229835874158671,0.0006188996884333164
2018-07-03,2.466439300211039,0.0009179520993043947,-0.0008732829895876648
2018-07-05,2.4461773295342435,0.0009041925615423754,-0.0005785220889009679
2018-07-06,2.4474775051351183,0.0009045969257342528,3.714030657420153e-05
2018-07-09,2.420303561178636,0.0009094826465208277,-0.0007804355837919275
2018-07-10,2.503296132216421,0.000897964438461409,0.00235331448170939
2018-07-11,2.5056283770678522,0.000901569865652321,6.639961739551836e-05
2018-07-12,2.4898271727380714,0.0009039901051824272,-0.00045107010697620353
2018-07-13,2.5117566051590177,0.000902577094107,0.0006250279390798141
2018-07-16,2.518350519137995,0.0009027785132554576,0.0001879807634708186
2018-07-17,2.5317179748298066,0.0008924124723094741,0.00037670302521064514
2018-07-18,2.53791292888375,0.0008949816997061934,0.00017508382856590288
2018-07-19,2.559243066153789,0.000895179746680306,0.0006029700951302175
2018-07-20,2.554941018653831,0.0008918215861506259,-0.00012115563021097842
2018-07-23,2.5377674968150457,0.0008983634445465782,-0.0004871996876403273
2018-07-24,2.528091807808259,0.0008922152621240418,-0.00027260865786615796
2018-07-25,2.4927539431191423,0.0008761605685332075,-0.0009777114894120587
2018-07-26,2.480120967678324,0.0008733203632676264,-0.00034839922861351624
2018-07-27,2.4661937795832536,0.0008738867983464451,-0.00038434296438083493
2018-07-30,2.46296239060844,0.0008735090312744164,-8.913666515297791e-05
2018-07-31,2.4593716200176354,0.0008660218377401271,-9.820050188125151e-05
2018-08-01,2.442224873917768,0.0008704986004166476,-0.0004713617457383634
2018-08-02,2.476613248465048,0.0008744543372461764,0.0009496234916781532
2018-08-03,2.4876954109603755,0.0008662073681223946,0.000303139789650686
2018-08-06,2.509174268004897,0.0008656506507307356,0.0005871599183819853
2018-08-07,2.4495612912208604,0.0008684410267203528,-0.0016348773723535714
2018-08-08,2.4523181614393557,0.0008750223369728685,7.617981152918674e-05
2018-08-09,2.4462613208703345,0.0008712495405053323,-0.00016664286788170557
2018-08-10,2.4426313772892865,0.000876350732125627,-0.00010045710236283867
2018-08-13,2.4592036928245564,0.0008811273272452697,0.00046112921417318375
2018-08-14,2.4577398030822017,0.0008799759980683325,-4.067952626485294e-05
2018-08-15,2.455182509516171,0.0008763507372500197,-7.077090232598948e-05
2018-08-16,2.46499567076944,0.0008736980596863431,0.00027074986664388234
2018-08-17,2.460099504216167,0.0008665787564358586,-0.00013398663854502502
2018-08-20,2.4506980728657637,0.0008641698149643981,-0.00025656346424796084
2018-08-21,2.45356564077131,0.0008736980526411849,7.911926030601535e-05
2018-08-22,2.4369396803876007,0.0008792103259118955,-0.0004616167675806082
2018-08-23,2.442422250433009,0.0008836316460749589,0.00015298716770928422
2018-08-24,2.4509750028450608,0.0008849862264137382,0.00023902267669484445
2018-08-27,2.4534359525347336,0.0008838251759629343,6.868538120841094e-05
2018-08-28,2.4434947801458393,0.0008900538097709396,-0.00027941670391840034
2018-08-29,2.4649849406885065,0.0008908384850331068,0.0006045505753462521
2018-08-30,2.4838293735506705,0.0008983634439134575,0.0005346030913955246
2018-08-31,2.506121856667625,0.0009060165651399786,0.0006378052122499867
2018-09-04,2.473026808381237,0.0009021739358203444,-0.0009428427772490977
2018-09-05,2.4857892407843694,0.0008898577499314293,0.0003586230921683864
2018-09-06,2.4933458980115555,0.0008822812136130705,0.0002105366086198046
2018-09-07,2.479376667655337,0.0008832456017723336,-0.0003896287749256544
2018-09-10,2.479181752017838,0.0008767304119563718,-5.396430495352433e-06
2018-09-11,2.476095327250379,0.0008774921338022411,-8.552597320488076e-05
2018-09-12,2.4756199863640407,0.0008733203640424286,-1.3109184990867107e-05
2018-09-13,2.5014796309754557,0.0008737011875886213,0.000713486439906319
2018-09-14,2.4837055291864703,0.0008706638438777748,-0.0004886939701123083
2018-09-17,2.483862588975099,0.0008644656512339005,4.2875729491242964e-06
2018-09-18,2.4741365683153926,0.0008718002738352376,-0.0002677678232458902
2018-09-19,2.4679638187377018,0.000871231689961944,-0.0001698293641396731
2018-09-20,2.4629756898046877,0.0008585386470638735,-0.00013523641464985303
2018-09-21,2.4595118670497778,0.0008596437235488925,-9.40329843786003e-05
2018-09-24,2.429628074069529,0.0008691533397880201,-0.000820239968476244
2018-09-25,2.443789995122271,0.0008765679509408474,0.00039202362475521113
2018-09-26,2.4245342646512227,0.000873320271535555,-0.0005310448187856309
2018-09-27,2.4063515441689893,0.0008702858419907837,-0.0004997119490042223
2018-09-28,2.4131426368913305,0.0008668965385345238,0.0001859117760574236
2018-10-01,2.387572739816748,0.0008661472908928849,-0.0006993957258174532
2018-10-02,2.3305643027278107,0.0008609367254237356,-0.0015499269241843194
2018-10-03,2.3369515310381304,0.000872939952134607,0.00017607839953370785
2018-10-04,2.318203054079096,0.0008733202694290263,-0.0005170587866132337
2018-10-05,2.3140689467569944,0.0008727498822675771,-0.00011393874481768762
2018-10-08,2.3206533354928496,0.0008614919597069407,0.00017912770989880755
2018-10-09,2.323653651032881,0.0008631621286782691,8.178327219354742e-05
2018-10-10,2.3427336136270287,0.0008765679474578164,0.0005281680051467674
2018-10-11,2.3464048043665238,0.0008969737576556633,0.00010399043782172157
2018-10-12,2.34921300217644,0.0008961710966012623,7.947112145245683e-05
2018-10-15,2.3449581730108844,0.0008915854340234394,-0.00011979388524707701
2018-10-16,2.353623050978462,0.0008802264157980809,0.00024084941516377967
2018-10-17,2.3546407386969395,0.0008731301230345179,2.806003975308613e-05
2018-10-18,2.3592371316546674,0.0008779120121601855,0.0001274295447331042
2018-10-19,2.373352704430798,0.0008642793391747961,0.00038525283440549174
2018-10-22,2.372647014467395,0.0008710423515165954,-1.94115075373702e-05
2018-10-23,2.368389456485047,0.0008637205984092977,-0.00011612669213434401
2018-10-24,2.4099812718441243,0.0008568865542260773,0.0011254659739989847
2018-10-25,2.419046892468429,0.0008609367203501529,0.00024647708349334607
2018-10-26,2.3980429063864155,0.0008719901188909747,-0.0005783918933417453
2018-10-29,2.422496527875035,0.0008618624512102398,0.0006655457905679896
2018-10-30,2.3814568065706365,0.0008407066001909144,-0.0010895457152741983
2018-10-31,2.3400785130859574,0.0008363200965236006,-0.0010928378583514586
2018-11-01,2.3287515491159065,0.0008387708629525047,-0.0003000347508077539
2018-11-02,2.309080305707176,0.0008342304794749185,-0.000518237864753246
2018-11-05,2.3422555635822304,0.0008224165828576282,0.0008616214272620937
2018-11-06,2.3388960705235595,0.0008153878696693533,-8.650760929640455e-05
2018-11-07,2.3346565619110553,0.0008110965334639194,-0.00010859450786426805
2018-11-08,2.345634988123723,0.0008117537952209809,0.00028144106666161406
2018-11-09,2.3576054824193395,0.00080603862952604,0.00030471127519149377
2018-11-12,2.3384468437270947,0.0008029694549945928,-0.0004858332070512006
2018-11-13,2.342300555717526,0.0008031305906821973,9.774423321573522e-05
2018-11-14,2.3371958638059276,0.000804743492839424,-0.00012973381264203
2018-11-15,2.341137119126944,0.000805066945177996,0.00010020553837364332
2018-11-16,2.351868954269943,0.0007981712155774921,0.00027051577160364104
2018-11-19,2.3490737972997837,0.0007928017107657346,-6.998359665999487e-05
2018-11-20,2.34206000825304,0.0008109324930763922,-0.00017962752774280943
2018-11-21,2.3585544890349026,0.0008217422670220876,0.0004280563885288302
2018-11-23,2.3472628500662718,0.000816883886243701,-0.0002912960794532182
2018-11-26,2.3636296286685488,0.0008193895048758159,0.00042352131575285057
2018-11-27,2.351423418561573,0.0008110965352033822,-0.0003126585753108202
2018-11-28,2.3766309660147944,0.000805552299989632,0.0006412763338801142
2018-11-29,2.3884930476018487,0.0008111408796755662,0.00030386726778885986
2018-11-30,2.393231124486992,0.0007883014744973971,0.00011795309050910419
2018-12-03,2.368521794121517,0.000799558113629328,-0.0006239440012194564
2018-12-04,2.350230582230793,0.0008013308873389988,-0.00046289429674573057
2018-12-06,2.359086218383322,0.0008045743694356004,0.00022501596021129444
2018-12-07,2.3523162508158557,0.0008093243449809331,-0.00017303579859628826
2018-12-10,2.3526374773344223,0.0008068604796752496,8.185258806747697e-06
2018-12-11,2.3605237561831722,0.0008019774625145053,0.00019973625197167166
2018-12-12,2.369994547425026,0.0008071879106152243,0.0002414286144869493
2018-12-13,2.3852219084006148,0.0008031113801470233,0.00038620971305647345
2018-12-14,2.302658380176058,0.0008052261875176026,-0.0020995802940717567
2018-12-17,2.328427647073181,0.0008220425254021161,0.0006690016105892482
2018-12-18,2.3076886226044278,0.000822212473877866,-0.0005385070485459664
2018-12-19,2.290454517561256,0.0008294169601727828,-0.0004514224094123165
2018-12-20,2.311337267419092,0.000835693464143013,0.0005511290018631598
2018-12-21,2.2933494202710314,0.0008351665975315782,-0.0004744234578453188
2018-12-24,2.3001290750091976,0.0008644018355586418,0.00018507521744481892
2018-12-26,2.300963812196848,0.000846367715391728,2.2310310711759485e-05
2018-12-27,2.295271476364789,0.0008358691871591022,-0.00015025715019589825
2018-12-28,2.331144688326891,0.0008417089846982768,0.00095356066717045
2018-12-31,2.3263163810575267,0.0008390445597811566,-0.0001279354225971474
2019-01-02,2.3216415331000557,0.0008465482790803365,-0.00012497835085412135
2019-01-03,2.314274358087308,0.000851808223656326,-0.0001981777236750304
2019-01-04,2.3155526568224243,0.0008351666054252024,3.3713786734779205e-05
2019-01-07,2.325949578004914,0.0008461874596734492,0.00027783668448932985
2019-01-08,2.3220454547530576,0.0008367487011482004,-0.00010316332598847566
2019-01-09,2.301277655363863,0.0008530874849974067,-0.000559504647512199
2019-01-10,2.290804258116281,0.0008440320111138288,-0.00027915848555437606
2019-01-11,2.2779508762206047,0.0008392215175214067,-0.0003406459812538287
2019-01-14,2.269364960222135,0.0008426007493852127,-0.00022846646852769936
2019-01-15,2.284313303777293,0.0008351666008964781,0.00039425300364825944
2019-01-16,2.3021454526653375,0.0008467282392521028,0.00047683285920641083
2019-01-17,2.3139454637306502,0.0008442115036311166,0.00031458844976839373
2019-01-18,2.3050285501617114,0.0008344655328564606,-0.0002349797026113265
2019-01-22,2.2963722142728455,0.0008325434327691344,-0.00022759084558288123
2019-01-23,2.2871441672145023,0.0008230635646661253,-0.0002398584110920865
2019-01-24,2.2892371439117323,0.0008330668252253987,5.5063829165646894e-05
2019-01-25,2.3015376205929017,0.0008386905267662144,0.000325792220621679
2019-01-28,2.3001035578421187,0.000842243971315079,-3.814348015396263e-05
2019-01-29,2.292732538978844,0.000838159878338037,-0.00019510327507532566
2019-01-30,2.3085942302933127,0.0008301097447587792,0.0004158102954932019
2019-01-31,2.333961139156401,0.0008254563141055272,0.0006612657485902673
2019-02-01,2.2968588396085687,0.0008158013878469726,-0.0009558715964317344
2019-02-04,2.2894081810869813,0.0008066968257341247,-0.00018981169399978626
2019-02-05,2.285095822446987,0.0008065330746401077,-0.00010984021169235803
2019-02-06,2.2881269987435267,0.0008065330745711464,7.720719952430954e-05
2019-02-07,2.281532354222196,0.0008039236862777025,-0.00016742863064678204
2019-02-08,2.2764344106390126,0.0008026252327459193,-0.00012922088598088521
2019-02-11,2.270382246836569,0.0008008465076756196,-0.0001530682532688843
2019-02-12,2.2845474274731767,0.0008000410195714776,0.00035789900873339775
2019-02-13,2.285198891367582,0.0007979534683035697,1.6417002996149677e-05
2019-02-14,2.4621299385862354,0.000871411725741273,0.00486946733983018
2019-02-15,2.55440982814163,0.0008781482309987468,0.002559047084133681
2019-02-19,2.5782685417939284,0.0008861729591342123,0.0006676776798428818
2019-02-20,2.56065555482074,0.0008808720115073051,-0.0004899355940182204
2019-02-21,2.5241032352231896,0.0008662850085162791,-0.000999925035799265
2019-02-22,2.5709047782834684,0.0008773732035791783,0.0012967357572222227
2019-02-25,2.574857362972392,0.000884005589740281,0.00011034109576257833
2019-02-26,2.587248153862121,0.0008889472781345773,0.0003478347470462495
2019-02-27,2.5595734194383577,0.000884005596776635,-0.0007725573127004282
2019-02-28,2.563526002946355,0.0008762128677045485,0.00010936635456459953
2019-03-01,2.573223679734285,0.0008754413407106099,0.0002680979343523404
2019-03-04,2.5578025175459542,0.0008702672120208501,-0.0004238059639334324
2019-03-05,2.557509491538726,0.000871220797164618,-8.061874197551333e-06
2019-03-06,2.5798648206306902,0.0008740937687066949,0.0006170794369069199
2019-03-07,2.577139985335978,0.0008773732081522687,-7.54963019033994e-05
2019-03-08,2.582919589119253,0.0008859755636748,0.0001617043355253145
2019-03-11,2.537610078039809,0.0008602868960620872,-0.0012308871210819916
2019-03-12,2.5442981657363943,0.0008627133270983579,0.0001822109078801759
2019-03-13,2.535169811816621,0.0008595427736322802,-0.00024777807333009605
2019-03-14,2.518284785969672,0.000861798046485803,-0.00045952945448846094
2019-03-15,2.5440094547331658,0.0008694021895140473,0.0007062814689646757
2019-03-18,2.5731716571740195,0.0008672977240544902,0.0007987103562498987
2019-03-19,2.5826482269108766,0.0008644442927993304,0.000258695858349256
2019-03-20,2.589384849131186,0.0008650134386441029,0.0001840215592636696
2019-03-21,2.61503055317875,0.0008653934675888078,0.0007008605461464867
2019-03-22,2.6189023504551705,0.0008574856921083232,0.00010484304490887553
2019-03-25,2.6160308539232706,0.0008556238620494166,-7.758835319293667e-05
2019-03-26,2.6068169859608687,0.0008444417249716096,-0.0002457051606228333
2019-03-27,2.6057094459099917,0.0008449846609829255,-2.9554207529258747e-05
2019-03-28,2.606316734381276,0.0008455285599852392,1.6215642958172793e-05
2019-03-29,2.6058427007605487,0.0008404800247339314,-1.2581868773509086e-05
2019-04-01,2.6019221645946904,0.0008429965626547062,-0.00010437211609826136
2019-04-02,2.6034531803338115,0.0008457099853761933,4.088965918924714e-05
2019-04-03,2.6228382199898603,0.0008528471866953645,0.0005220966835821628
2019-04-04,2.604006820682363,0.000847346423762964,-0.0005039057641198497
2019-04-05,2.6077671056203373,0.0008475286280955109,0.00010064332772685702
2019-04-08,2.6114189611395204,0.0008460729877603747,9.757321252834572e-05
2019-04-09,2.608339209223315,0.0008438991318968424,-8.207591515940749e-05
2019-04-10,2.607238585111361,0.0008444417189929999,-2.9350800858196635e-05
2019-04-11,2.5954455345860077,0.0008431769063573333,-0.0003140185137624485
2019-04-12,2.6057016081968203,0.0008426358549759226,0.0002729180020679678
2019-04-15,2.621600001429281,0.0008379780343890383,0.00042072244932001013
2019-04-16,2.597891070503777,0.0008388695428216661,-0.0006280871871808813
2019-04-17,2.676630269400633,0.0008330187142981609,0.002071364438009482
2019-04-18,2.66709597428928,0.0008295122946125394,-0.0002497613086518413
2019-04-22,2.657932984376781,0.000830911229400237,-0.000240441048191542
2019-04-23,2.6267251989378493,0.000816960263884912,-0.0008051460491742546
2019-04-24,2.6357593442445455,0.0008208737593024679,0.00023419929694057373
2019-04-25,2.6270307612461403,0.0008232742970881776,-0.00022693867843770477
2019-04-26,2.6097486424203744,0.0008161145105045923,-0.00044541418857591
2019-04-29,2.6070828543529156,0.000813419417335819,-6.847944845844722e-05
2019-04-30,2.6006971223120434,0.0008028150698900035,-0.00016189912160768927
2019-05-01,2.609232451881797,0.0008105754760640873,0.0002184953457060601
2019-05-02,2.6115778145141775,0.0008139232781737951,6.028616468256587e-05
2019-05-03,2.6110703026618745,0.0008084139269408813,-1.2956862875057595e-05
2019-05-06,2.61631103690176,0.0008125808936053435,0.00013448813534466808
2019-05-07,2.615154489990241,0.0008205319655516273,-2.9969802000096024e-05
2019-05-08,2.6241783057980497,0.0008231023647130798,0.00023456568138158218
2019-05-09,2.6497105016214,0.0008309112263719756,0.0006699835869312665
2019-05-10,2.6468189831360576,0.000817299086947372,-7.46307641321664e-05
2019-05-13,2.6369088825145055,0.0008196788127569221,-0.00025653300633621257
2019-05-14,2.60737764631999,0.0008089117685128707,-0.0007543949364077207
2019-05-15,2.6206770484293553,0.0008008572610543373,0.0003363628402013319
2019-05-16,2.6180333684509174,0.0007944003824441778,-6.63242720264634e-05
2019-05-17,2.6430963492020463,0.0008005320748455229,0.0006336394558985603
2019-05-20,2.6514376704340354,0.0008062639397926032,0.0002123931928537104
2019-05-21,2.645814619985824,0.0008104087269800689,-0.00014391367341204386
2019-05-22,2.6103484705460835,0.0007932808155801287,-0.0008885013585171464
2019-05-23,2.5978629666905695,0.0007901004349105037,-0.000311541782039626
2019-05-24,2.600980637432472,0.0007939201538476209,7.8169709240683e-05
2019-05-28,2.5900562669187592,0.000802161164339041,-0.00027675132272975134
2019-05-29,2.627203948721799,0.0008102422807475053,0.0009505509326857009
2019-05-30,2.602005586338392,0.0007997199759676391,-0.0006363993225022568
2019-05-31,2.59597663873846,0.0008016718295116988,-0.00015263903252105138
2019-06-03,2.5713761544032523,0.0007880465345673373,-0.0006122332881943748
2019-06-04,2.5721253455717075,0.0007877314394282656,1.8638095525602694e-05
2019-06-05,2.5781373402443597,0.0007756390792946971,0.00014726688090149764
2019-06-06,2.5772124355026875,0.000766288593631138,-2.2383152739280376e-05
2019-06-07,2.6017375357822803,0.0007649498622366526,0.0005924905971994576
2019-06-10,2.609661919756107,0.0007665865482504728,0.00019185178223324328
2019-06-11,2.6045851402838744,0.0007673328140585856,-0.00012302981284051384
2019-06-12,2.5877905927326577,0.0007627293846240868,-0.00040455265526873063
2019-06-13,2.589451875546484,0.0007643693270875288,4.0103907622324186e-05
2019-06-14,2.5763000294444347,0.0007616892435124676,-0.00031637520179117473
2019-06-17,2.5944535717238986,0.0007682737393791167,0.0004404729300233612
2019-06-18,2.5971990660821143,0.0007717609914861287,6.691785758050628e-05
2019-06-19,2.5882109457081928,0.0007645186631242168,-0.0002170155621001868
2019-06-20,2.5864069128028477,0.0007565319005293345,-4.31030296397239e-05
2019-06-21,2.588059678476304,0.0007581450712693688,3.957359420780904e-05
2019-06-24,2.573078797608333,0.0007527455234009793,-0.00035614315210352743
2019-06-25,2.574673328478878,0.0007550709631874567,3.802454854451298e-05
2019-06-26,2.577878080493916,0.0007645186574484967,7.737977753663472e-05
2019-06-27,2.5676203747459603,0.0007651167174234486,-0.0002478659430096286
2019-06-28,2.564732282735238,0.0007675197489595642,-7.00067500787327e-05
2019-07-01,2.5452239311431275,0.0007574107486627958,-0.0004666447985357536
2019-07-02,2.5373406800192173,0.000751876982614016,-0.00018719378120124475
2019-07-03,2.5613001076599153,0.0007501463721541411,0.0005676292631306978
2019-07-05,2.5422929832929437,0.0007500022592697468,-0.00045021752154639216
2019-07-08,2.5388530378238596,0.0007515880253757488,-8.165361661838233e-05
2019-07-09,2.543194495092135,0.0007575575087187686,0.00010387142137346927
2019-07-10,2.5832015218193853,0.0007541971914134827,0.0009529302517563565
2019-07-11,2.5711625081794605,0.0007510105784989325,-0.0002855472953200433
2019-07-12,2.5467782881643637,0.000749858677223662,-0.0005774722043838665
2019-07-15,2.562886866920378,0.0007497146749994804,0.00038141409223158007
2019-07-16,2.555723064754589,0.0007495710671674659,-0.00016958988439341738
2019-07-17,2.5343033662039662,0.0007489967119784832,-0.0005066834485631944
2019-07-18,2.5435069777122914,0.0007511550088239927,0.00021833953132954775
2019-07-19,2.5211312504800745,0.0007605041741938291,-0.0005374337680592589
2019-07-22,2.5331732938527733,0.0007630269666647182,0.0002901890141941976
2019-07-23,2.3966773261115404,0.0007193723324679587,-0.003100978396716414
2019-07-24,2.3927846923517895,0.0007267252192276385,-8.934481208200395e-05
2019-07-25,2.420651459787756,0.0007364427780325911,0.0006481561354831911
2019-07-26,2.4125154254649317,0.0007214960892192543,-0.0001853915326250899
2019-07-29,2.4262648100253124,0.0007239001572017215,0.0003143513117720431
2019-07-30,2.4190044746327324,0.0007275367355982464,-0.000166826329802916
2019-07-31,2.4185741391300155,0.0007425961073036301,-1.0092885418089281e-05
2019-08-01,2.433632227288652,0.0007511550068070134,0.00035723012085497885
2019-08-02,2.4345331047259,0.0007468511156914924,2.1249145447654882e-05
2019-08-05,2.3987325632354795,0.0007566782506834177,-0.0008555562595944366
2019-08-06,2.4093134995867738,0.000747707879740071,0.0002498586849100093
2019-08-07,2.3930076455692006,0.0007349202018465512,-0.00037846338229030607
2019-08-08,2.401612364411637,0.0007279429524277154,0.00019782454259598126
2019-08-09,2.397538109678715,0.0007316202879998662,-9.414248336270248e-05
2019-08-12,2.402768116272173,0.0007346442529771066,0.00012134717972855924
2019-08-13,2.4187002291615785,0.0007305268514267075,0.00036758407844672547
2019-08-14,2.426760398266218,0.000737554007654963,0.00018775433315454393
2019-08-15,2.4167074804685966,0.0007255120060225955,-0.00023034586818937441
2019-08-16,2.4117557408859227,0.0007183152138523234,-0.00011233677209077086
2019-08-19,2.4141545862971148,0.0007146395138519243,5.414292706973356e-05
2019-08-20,2.4410076062407993,0.0007253773841403655,0.0006151984434126234
2019-08-21,2.4362530506574473,0.000722429184161348,-0.00010848149472053592
2019-08-22,2.424668662987646,0.0007172611441908673,-0.0002624225035390282
2019-08-23,2.4142140924258286,0.0007272659849498462,-0.00024013558585522787
2019-08-26,2.4421458289270395,0.0007166039525053238,0.0006321564549409686
2019-08-27,2.452686059710065,0.0007142478806306048,0.00023776748700754524
2019-08-28,2.4431102899289487,0.0007091958534258852,-0.00021448314714689332
2019-08-29,2.4607747174896537,0.0007099683752245302,0.0003960912227114477
2019-08-30,2.4740703989262833,0.0007100971509872212,0.0002981841685567588
2019-09-03,2.47559306579173,0.0007067605394008353,3.398852332736624e-05
2019-09-04,2.48490531164259,0.0007008072423920741,0.0002061144088685296
2019-09-05,2.473920156179095,0.0007090672191526641,-0.00024601133348767235
2019-09-06,2.494215266122738,0.0007076557164976674,0.0004535962360563417
2019-09-09,2.508857828106436,0.000716866692390007,0.00033152417404380685
2019-09-10,2.504448452515218,0.0007184472813436423,-0.00010005217370689934
2019-09-11,2.496685331552908,0.0007135960716329653,-0.00017496083464152434
2019-09-12,2.4981998586196985,0.0007091958532604715,3.39232083774732e-05
2019-09-13,2.5033212839295067,0.0007150744297412321,0.0001156645618038965
2019-09-16,2.4884685727544005,0.00071904793279084,-0.0003373023814674525
2019-09-17,2.4906645120275783,0.0007153380318175669,4.9611669837190675e-05
2019-09-18,2.48745489033388,0.0007154700578127531,-7.252702486937324e-05
2019-09-19,2.4738636425278733,0.0007116660827810325,-0.00030548429799637233
2019-09-20,2.487622069508678,0.0007197144887189895,0.0003127426960674029
2019-09-23,2.4904834899326924,0.0007166586396219441,6.47658711159238e-05
2019-09-24,2.4816840176872392,0.0007145479996224027,-0.00019858273137174365
2019-09-25,2.4826731125171357,0.0007162620681508388,2.237510969393952e-05
2019-09-26,2.4841617842951242,0.0007133662792631082,3.35401390145762e-05
2019-09-27,2.4856214618993313,0.0007144164964214187,3.2935470102302133e-05
2019-09-30,2.5071056190311527,0.0007127114817087759,0.0004836000586010414
2019-10-01,2.502402876342212,0.0007099739687969008,-0.00010545037353892894
2019-10-02,2.5120808626728697,0.0007309626290189383,0.00022343073200659092
2019-10-03,2.5503837059703693,0.0007206498770318676,0.0008717695493345445
2019-10-04,2.560559610140231,0.0007114053047552116,0.00022863362049463376
2019-10-07,2.5565609985372375,0.000720248499190805,-9.095991765661893e-05
2019-10-08,2.549962341345598,0.0007241450057283038,-0.00015091600864991506
2019-10-09,2.549397357989648,0.0007207836192497276,-1.2861489608440024e-05
2019-10-10,2.558211903317317,0.0007230659567625907,0.0002012942460822842
2019-10-11,2.57081888774263,0.0007279470390943239,0.0002898442159420256
2019-10-14,2.5672783162532022,0.0007279470404563775,-8.139987134825333e-05
2019-10-15,2.536381080660604,0.0007250918204631687,-0.000707558408322484
2019-10-16,2.5389869785774795,0.0007253629192808154,5.969862110077884e-05
2019-10-17,2.5348242244603174,0.0007213194690103472,-9.48327892871248e-05
2019-10-18,2.476137956739767,0.0007082900042171073,-0.001312792875197033
2019-10-21,2.498823934202905,0.0007154700559808218,0.0005126345386656794
2019-10-22,2.5264375878366976,0.0007205162410041038,0.0006283819335521912
2019-10-23,2.5043281147942182,0.000710104086267794,-0.0004958497192859568
2019-10-24,2.513708933187901,0.0007104938639533842,0.00021050252486531917
2019-10-25,2.5307716810513656,0.0007218557973438062,0.0003890083841042724
2019-10-28,2.5379794149890933,0.0007242798606788265,0.0001648763624757521
2019-10-29,2.536454523927339,0.0007264488380224635,-3.4986158169658665e-05
2019-10-30,2.526670298878316,0.0007193144727909204,-0.00022227674720909363
2019-10-31,2.508866864142283,0.000712842297207051,-0.00040081920462853304
2019-11-01,2.529083850945692,0.0007198480111736409,0.0004596367005973434
2019-11-04,2.532103915012818,0.0007301378046085936,6.964297847389389e-05
2019-11-05,2.5450369288899615,0.0007401608388647506,0.0003023283800871468
2019-11-06,2.534841713014565,0.0007348370950582624,-0.00023660966051863852
2019-11-07,2.5382330925177596,0.0007420000499652865,7.947508500194544e-05
2019-11-08,2.5385010731499142,0.0007431363813764745,6.289532763048555e-06
2019-11-11,2.5424068840482223,0.000748437555231162,9.232391680313867e-05
2019-11-12,2.540907306244533,0.0007503178309973446,-3.5535210244574955e-05
2019-11-13,2.531858359715509,0.0007403021259977892,-0.00021156663365218265
2019-11-14,2.5220327323219527,0.0007372092263498198,-0.0002287687473767619
2019-11-15,2.529180432958284,0.0007366497852016851,0.000166293343809798
2019-11-18,2.516713996853454,0.0007316513417313692,-0.0002880664622750828
2019-11-19,2.5238987697281003,0.0007309626351029436,0.00016586600953871766
2019-11-20,2.501748347233666,0.0007290407791478939,-0.0005100148705565744
2019-11-21,2.5172064030041597,0.0007326180848202369,0.00035767110762208176
2019-11-22,2.516895187620865,0.0007316513405747802,-7.191409309825758e-06
2019-11-25,2.5034271023276755,0.0007290407793424147,-0.000310103198742695
2019-11-26,2.5063750743031012,0.0007198480155163355,6.702109102718623e-05
2019-11-27,2.5079277743985253,0.000719181271416572,3.52678389532457e-05
2019-11-29,2.5134895571836737,0.0007212002651074569,0.00012668460695408612
2019-12-02,2.4980536373992366,0.0007165067326322487,-0.0003493043632118997
2019-12-03,2.488015214292486,0.0007158411547851696,-0.00022695309081655068
2019-12-04,2.499038743188365,0.0007093834559327401,0.0002469756058758321
2019-12-05,2.5035623546955166,0.0007106918991580165,0.00010153678765334462
2019-12-06,2.5116304315403037,0.0007076897808949826,0.0001803299967377825
2019-12-09,2.5242045036076846,0.0007122681717236774,0.00028286405624555755
2019-12-10,2.5218249619307325,0.0007162401656090715,-5.382805412068592e-05
2019-12-11,2.528715125341175,0.0007138517601290152,0.00015534277079609637
2019-12-12,2.5213189163085032,0.0007113479339953344,-0.00016616725642393249
2019-12-13,2.522239045929732,0.0007076897810596759,2.0565844891962115e-05
2019-12-16,2.5061564905508633,0.0007076897801426026,-0.0003594635432762061
2019-12-17,2.489882275331876,0.0007076897801427558,-0.0003637473603248509
2019-12-18,2.5097271470057763,0.0007143811650272804,0.0004477516822589678
2019-12-19,2.499957768828859,0.000708991678972903,-0.00021875661973069782
2019-12-20,2.4966419338582715,0.0007006123079600196,-7.337102383075944e-05
2019-12-23,2.4834279512456905,0.0007013774495298037,-0.0002927148763660625
2019-12-24,2.48976893421876,0.0007039403582434247,0.00014097822334235843
2019-12-26,2.47213511610315,0.0006999760297883088,-0.00038983994470243033
2019-12-27,2.4726684103612255,0.0006958046939071395,1.171958476220425e-05
2019-12-30,2.4631098012762376,0.0006968114275957809,-0.00021036367900251207
2019-12-31,2.4570304129828675,0.0006958046931651251,-0.0001336002025595917
2020-01-02,2.457731731150506,0.0007003576671125574,1.5513037553205322e-05
2020-01-03,2.4677516438921003,0.0007041975475624183,0.00022285312458336648
2020-01-06,2.4781185209561287,0.0007044549858732203,0.00023065305694558447
2020-01-07,2.4580670800478366,0.0007099061917878429,-0.00044957907064713254
2020-01-08,2.46616396977857,0.0007086006969789766,0.00018120725786729963
2020-01-09,2.423687049763594,0.0006959301377648206,-0.0009336226821119453
2020-01-10,2.410722134129113,0.0006935504435653115,-0.00028399289959679663
2020-01-13,2.4203972516655154,0.0006861400504897577,0.00020966598039251494
2020-01-14,2.431702580016389,0.0006877323387441892,0.0002455650101325091
2020-01-15,2.4429225553440794,0.0006792456243977489,0.00024070169276058095
2020-01-16,2.4449480681546247,0.0006778118307721164,4.336198374232936e-05
2020-01-17,2.4686212591626906,0.0006763840224171852,0.0005057263356320618
2020-01-21,2.4691430760800728,0.0006736641368987175,1.1102660323558666e-05
2020-01-22,2.47653526172606,0.0006685210895666088,0.00015608225920971108
2020-01-23,2.4717659528477673,0.0006659790821043591,-0.00010031915418551307
2020-01-24,2.465600565998976,0.0006677103296561662,-0.00013002241325921204
2020-01-27,2.4606755912941294,0.000670032473126318,-0.00010422438080581742
2020-01-28,2.4861848823504515,0.0006755538195056755,0.000544287142417943
2020-01-29,2.473808653954805,0.000675553820647568,-0.00026406739408457724
2020-01-30,2.4315714303942304,0.000654330027188931,-0.0008728760949594516
2020-01-31,2.4198704426612507,0.0006594817528100637,-0.00024372462219446334
2020-02-03,2.4207523365286905,0.0006574561691006666,1.8312756097316196e-05
2020-02-04,2.4220627608271914,0.000654552293247253,2.7091134995771426e-05
2020-02-05,2.4399050359940073,0.0006544412682688927,0.00036880215137102823
2020-02-06,2.4346306395251753,0.0006528886598576176,-0.0001087637205472447
2020-02-07,2.4438818411227325,0.0006506835050132535,0.00019012549479668905
2020-02-10,2.4258175643466875,0.0006445875697499117,-0.000367768437016025
2020-02-11,2.4393326542323326,0.0006463176740181117,0.0002758930936579418
2020-02-12,2.4467257085454466,0.0006482750170205303,0.00015137655637431635
2020-02-13,2.445030048702337,0.0006461009101597327,-3.4602925524040984e-05
2020-02-14,2.4397953413215454,0.0006424381281553184,-0.00010621788371167895
2020-02-18,2.4337756541456894,0.0006469689414873509,-0.00012300835098244534
2020-02-19,2.422839150282376,0.0006443719631179935,-0.00022258153137499903
2020-02-20,2.4187001659173872,0.0006449113485730043,-8.430811713822095e-05
2020-02-21,2.4136271287113185,0.0006405157644024668,-0.00010262943270333835
2020-02-24,2.420066535141251,0.0006566718979283591,0.00013355966561334753
2020-02-25,2.4283026615180736,0.0006660942134706625,0.0001732739719102483
2020-02-26,2.4527728050705635,0.0006686372639690123,0.0005167697598267296
2020-02-27,2.470371162961036,0.0007011222480852002,0.00038971226355499766
2020-02-28,2.4561549040096122,0.0007199873937972324,-0.0003232770776264715
2020-03-02,2.4481796512221266,0.0006887156748448506,-0.0001734714200409826
2020-03-03,2.4065812436809932,0.0006869964841363863,-0.0009025958307518067
2020-03-04,2.404758356287645,0.0006536640226119724,-3.763291495317844e-05
2020-03-05,2.4382524669294465,0.0006787669207005564,0.0007180739874428355
2020-03-06,2.4883181628439717,0.0006969374043980411,0.0011020594419335339
2020-03-09,2.5143157076333815,0.0007426050100084507,0.0006097679836472025
2020-03-10,2.504295854425721,0.0007177077133308689,-0.0002271156064779234
2020-03-11,2.4896152177194812,0.0007376296530107164,-0.000342013558864096
2020-03-12,2.450123672849158,0.0008165666791151261,-0.001018520751728147
2020-03-13,2.611169777223598,0.0007876082230973807,0.00400563414142141
2020-03-16,2.4814798293926903,0.0008434299498716631,-0.0034546658610707937
2020-03-17,2.688215419647706,0.00080912930757583,0.005282410031114182
2020-03-18,2.677453527208607,0.0008511346710407718,-0.00028928477065903735
2020-03-19,2.7856662683217177,0.0009125345861821754,0.003118599599076788
2020-03-20,2.6948933918174762,0.000996560378631962,-0.0028567973685795778
2020-03-23,2.7808562035458944,0.0010161744555918402,0.002758275262848997
2020-03-24,2.865634524508549,0.0009675376177084687,0.0025898424260617503
2020-03-25,2.6851234336629615,0.0009173553839424786,-0.005228576846363353
2020-03-26,2.6964923994323446,0.0008618884539244503,0.0003094094853821616
2020-03-27,2.7942836044559454,0.0008916617196430375,0.002753693801153645
2020-03-30,2.7691717451620117,0.0008482996546230492,-0.0006726743645941724
2020-03-31,2.69540281973669,0.0008626671918056812,-0.002009701285743404
2020-04-01,2.7848937862915304,0.0009062570318626853,0.002561246781169757
2020-04-02,2.7986938490689104,0.0008685509252499328,0.0003784854849442354
2020-04-03,2.8228896710902482,0.0008709273660755278,0.000665464844146868
2020-04-06,2.790948798295376,0.0008179654118010657,-0.0008250178060507096
2020-04-07,2.7860128106330877,0.0008207774801892953,-0.00012794428545248593
2020-04-08,2.7539427467282525,0.0007983072290612004,-0.0008085025466044726
2020-04-09,2.708303155046614,0.0007790943801973541,-0.0011229296046053605
2020-04-13,2.76971092812378,0.0008134365565960724,0.0015775849442150047
2020-04-14,2.809512560322142,0.0007803677936065062,0.000980868491893716
2020-04-15,2.8165421816570144,0.0008018260031410858,0.0001780134661402144
2020-04-16,2.859878639957946,0.0008105027465390104,0.0011092693273297982
2020-04-17,2.8422566449052993,0.0007943229970527978,-0.00044204818223647635
2020-04-20,2.871656974123852,0.0008204246377034472,0.0007617784632998337
2020-04-21,2.865454502109159,0.0008412012079416935,-0.0001647751488604854
2020-04-22,2.8831415731464283,0.0008356805005656482,0.00046677352899848756
2020-04-23,2.87018517243414,0.0008469831870772773,-0.00034655911979086795
2020-04-24,2.9370088128470617,0.000840276057558006,0.0017732076169210131
2020-04-27,2.8544751761217855,0.000816043442110771,-0.0021269042062499466
2020-04-28,2.8963545825045443,0.0008167410737553001,0.0010802051354943387
2020-04-29,2.810696879743557,0.0008101590112375079,-0.002191569242256719
2020-04-30,2.862783388602975,0.0008318590126623665,0.001368377286098621
2020-05-01,2.83422180996552,0.0008371454512224044,-0.0007550930454414129
2020-05-04,2.8802115826178647,0.0008456703965376003,0.0012282280651447763
2020-05-05,2.8801549993595383,0.0008408307913767,-1.5024678816644155e-06
2020-05-06,2.9022226280274412,0.0008530350984822593,0.0005944827075978765
2020-05-07,2.9291260561539354,0.0008559022117817454,0.0007271776573816169
2020-05-08,2.890967864183306,0.000827892613584482,-0.0009976040323493862
2020-05-11,2.9303696069656726,0.0008382477301977077,0.0010430578942219881
2020-05-12,2.9455554877014225,0.0008517039373167714,0.00040845732290506476
2020-05-13,3.0049656125259574,0.0008687485206434063,0.001629930507576205
2020-05-14,3.0242256901058244,0.0008735160210264569,0.0005312910944894611
2020-05-15,3.120808533951527,0.0008823938565566842,0.0026913233131011793
2020-05-18,2.992807564788238,0.0008488651153655133,-0.003431120736252069
2020-05-19,2.9371456115539734,0.000857054365482854,-0.0015065344763769417
2020-05-20,2.8405965102212543,0.0008318590350892137,-0.0025362668500292784
2020-05-21,2.8627065420828206,0.0008451091735059534,0.0005900956746955899
2020-05-22,2.8775668076985923,0.0008477350035797866,0.0003978306709768731
2020-05-26,2.7957239693146163,0.0008282517279780174,-0.0021406496599212232
2020-05-27,2.7799168117317548,0.0008169159176264007,-0.0004077968066411586
2020-05-28,2.7898591306787486,0.0008106746936194872,0.00025453814302522915
2020-05-29,2.7986214499290187,0.0008177904996868621,0.0002263010750880312
2020-06-01,2.8105887368090334,0.0008123988358170218,0.0003070319321665238
2020-06-02,2.8083692059664833,0.0008139568334512197,-5.705391764365686e-05
2020-06-03,2.753710730457785,0.0007969745904867847,-0.0013756814121421712
2020-06-04,2.726918422903463,0.0007966422150022064,-0.0006740638960280876
2020-06-05,2.7000490954453396,0.000777666898854294,-0.000659890367884941
2020-06-08,2.6542784983538548,0.0007658179721741948,-0.0011069869489688244
2020-06-09,2.7157798032926124,0.0007790943682203891,0.00151327252180522
2020-06-10,2.760892904150853,0.0007851799042369236,0.001118684896027844
2020-06-11,2.809385577796251,0.0008382477099737414,0.001283804771077257
2020-06-12,2.8056947347250096,0.0008296137900990176,-9.669667315392871e-05
2020-06-15,2.7949835235134994,0.0008170795601030159,-0.0002763851389318006
2020-06-16,2.792125613860937,0.0008088738933714278,-7.300407951049692e-05
2020-06-17,2.80541945349452,0.0008121711107489701,0.00034097515431597003
2020-06-18,2.80248106533343,0.0008050894589568037,-7.470905879358725e-05
2020-06-19,2.829204784730486,0.0008220476592170334,0.0006937848503270061
2020-06-22,2.8415462187332268,0.0008270762938176428,0.00032235316716366924
2020-06-23,2.85450887071254,0.0008288873668982522,0.0003393182192894528
2020-06-24,2.8778099063015348,0.0008472526538829316,0.0006234639338771331
2020-06-25,2.900713067639731,0.0008419763125625034,0.0006089802331388228
2020-06-26,2.9347945377560096,0.0008682384360844761,0.0009344989693857997
2020-06-29,2.930627309950152,0.0008527876482865708,-0.00011222365134244683
2020-06-30,2.9358236328949956,0.0008466843311243678,0.0001389386870442877
2020-07-01,2.9288746537068366,0.0008440414576169807,-0.0001852225473726321
2020-07-02,2.9357776641309865,0.0008429136194437468,0.00018375204810183732
2020-07-06,2.92294204357686,0.0008363960139686952,-0.0003390297922294394
2020-07-07,2.9301426035522695,0.0008367653294384346,0.00019027593707221513
2020-07-08,2.953537520210522,0.0008393630309738319,0.0006201345613590092
2020-07-09,2.997441721353748,0.0008615207600357009,0.0011945180328325478
2020-07-10,2.9536235342512165,0.0008378768652474682,-0.0011593923407247075
2020-07-13,2.956925057625564,0.0008360262600271395,8.716595084479195e-05
2020-07-14,2.930168278972551,0.000824734038811166,-0.0006968793523327577
2020-07-15,2.8576130856499646,0.0008153196466299897,-0.0018681470018862
2020-07-16,2.8771158118508455,0.0008197335052212472,0.000504883186835059
2020-07-17,2.8524946137346148,0.0008080107766688674,-0.0006282636956740362
2020-07-20,2.8624342865182335,0.0008202663130946719,0.00025748693492744223
2020-07-21,2.8247047988859197,0.0008015096587825159,-0.0009549984084031848
2020-07-22,2.782451237496334,0.0007803609592785738,-0.001041304558924594
2020-07-23,2.8159106521350887,0.0007835915723271506,0.0008280234135895626
2020-07-24,2.7828942786898043,0.0007802000837070995,-0.0008135168277050298
2020-07-27,2.8163645047839005,0.0007803609512958678,0.0008248741813758897
2020-07-28,2.8279446491923173,0.0007852167826658119,0.0002871697060555789
2020-07-29,2.848720435821822,0.0007878315750187213,0.0005169202302539588
2020-07-30,2.8634450127859186,0.0007932795164961857,0.00036889419530439227
2020-07-31,2.8900843703853947,0.0008008314223072107,0.0006737464396451287
2020-08-03,2.9281875680348306,0.0008170795473459721,0.000983236233977891
2020-08-04,2.920114426944516,0.0008102587543479258,-0.00020657824167358285
2020-08-05,2.8617480055945492,0.0008011703984451784,-0.0014767531292960712
2020-08-06,2.837908632242003,0.0007967860482693214,-0.0005998757797982535
2020-08-07,2.837154608302476,0.0007914552654506303,-1.884679387842425e-05
2020-08-10,2.826121435282888,0.0007927812434096497,-0.0002762383023480197
2020-08-11,2.795955998415892,0.0007893099404116721,-0.0007519434665397284
2020-08-12,2.8219382253239287,0.0007811660003631239,0.0006409841787160531
2020-08-13,2.8310151227824947,0.0007819727789675308,0.00022416225738197681
2020-08-14,2.815885545343373,0.000780843662529845,-0.0003730983991516723
2020-08-17,2.8372865917069503,0.0007847283565915986,0.0005303821947677534
2020-08-18,2.8288920697268267,0.0007813271923641626,-0.00020713796173765786
2020-08-19,2.856818299609082,0.0007986352034626562,0.0007043682791874062
2020-08-20,2.863694475336479,0.00079897232312801,0.00017350260088733194
2020-08-21,2.862485579156075,0.0008001543457905719,-3.0548524406981414e-05
2020-08-24,2.845716562035221,0.0007886521174264728,-0.0004176531500093006
2020-08-25,2.842234492064265,0.0007896393009044766,-8.683547670784719e-05
2020-08-26,2.851567011657547,0.0007855427415066318,0.00023152484305910548
2020-08-27,2.8459976559505367,0.0007844032265864895,-0.00013796712255498278
2020-08-28,2.785298120762552,0.00075923151595864,-0.0014554028423248155
2020-08-31,2.8045240305460526,0.0007638274534995436,0.0004637929694695231
2020-09-01,2.8103758860093335,0.0007701992291713251,0.0001423435365950354
2020-09-02,2.776188139327124,0.000739071733055934,-0.0007979647750602226
2020-09-03,2.7579000032684258,0.0007494609724285634,-0.0004328813233485107
2020-09-04,2.7157154399510537,0.0007412424418161369,-0.0009875403572010555
2020-09-08,2.7183768873979366,0.0007595361029047968,6.384378163204474e-05
2020-09-09,2.7288386632820485,0.0007537887796098187,0.00024905402931096887
2020-09-10,2.6922861501784543,0.0007566515318492118,-0.000873486825753389
2020-09-11,2.6569362070542826,0.0007409524644767162,-0.0008272090795742315
2020-09-14,2.6705691520279595,0.000740076020034542,0.0003186487040807151
2020-09-15,2.6324308257419737,0.0007351497465609426,-0.0008854877769977065
2020-09-16,2.633399247236897,0.0007389110903849975,2.2599877723905593e-05
2020-09-17,2.611023432030405,0.0007424172588228589,-0.0005246565892491617
2020-09-18,2.5822225302291293,0.0007438879277859059,-0.0006766436714116253
2020-09-21,2.649063177090594,0.0007644849623773218,0.0016138449588964932
2020-09-22,2.636860564663899,0.0007557152117817485,-0.00029123719060919484
2020-09-23,2.6924907228443864,0.0007784309364875757,0.0013676645048690261
2020-09-24,2.6772436266941644,0.0007706035652972319,-0.0003710646656713834
2020-09-25,2.716179335549714,0.0007702873050460673,0.0009471907044513728
2020-09-28,2.774178609243045,0.0007615392669487451,0.0013949182691277429
2020-09-29,2.778217817897709,0.0007671400772749473,9.78616503033436e-05
2020-09-30,2.7817961119665195,0.0007601516920755281,8.59036943410274e-05
2020-10-01,2.836839922049668,0.0007630867921682039,0.001326549834672619
2020-10-02,2.771558391059675,0.0007603055152063872,-0.0015675332400348907
2020-10-05,2.7677919875753956,0.0007599977882021436,-9.04022406302829e-05
2020-10-06,2.7475359682571625,0.0007668267961347478,-0.0004905619632040725
2020-10-07,2.739348961042311,0.0007572392829037323,-0.0001957911713361682
2020-10-08,2.706997546327928,0.0007437406101541674,-0.000759891367906107
2020-10-09,2.69984271687281,0.0007386202362171374,-0.00016690308653721786
2020-10-12,2.756579907506999,0.0007345743577472205,0.0013162836018807411
2020-10-13,2.832144412311057,0.0007472931195314095,0.0017834518033907898
2020-10-14,2.8176803754941484,0.0007487832537352043,-0.0003420507155311725
2020-10-15,2.8034013547437246,0.0007507293557554698,-0.00033855275393079864
2020-10-16,2.8070912604889875,0.0007501294744009691,8.74167325974895e-05
2020-10-19,2.7893601706103026,0.0007563241262556535,-0.0004235345727323647
2020-10-20,2.7549909525899037,0.0007468471485306698,-0.0008106618247865072
2020-10-21,2.7671127523401613,0.0007507293551447182,0.00028740630222046093
2020-10-22,2.7296607572221623,0.0007405138182377215,-0.0008758870038718669
2020-10-23,2.737300956121926,0.0007428578954902554,0.00017924940701163905
2020-10-26,2.7470287602268706,0.0007535920276403233,0.00023152634044265596
2020-10-27,2.762569080292645,0.0007520825880071963,0.0003691197888002762
2020-10-28,2.7720488771345155,0.0007824864185242496,0.00023427652908480923
2020-10-29,2.76488127735281,0.000781509295267088,-0.0001769050659277127
2020-10-30,2.7481530193823174,0.0007808593242541011,-0.0004125307578419779
2020-11-02,2.75439314496428,0.0007718706935989773,0.00015211362337197443
2020-11-03,2.751605101519877,0.0007604597536048717,-6.695889241825626e-05
2020-11-04,2.7781857842872215,0.0007632420174802706,0.0006407216466186583
2020-11-05,2.7668438575881305,0.0007590761727837441,-0.0002719004802145264
2020-11-06,2.772886198087123,0.0007589227742979722,0.0001448249075650665
2020-11-09,2.609722372125203,0.0007139047507145679,-0.0036786659275804823
2020-11-10,2.6015040090748434,0.0006952661852869466,-0.00018046196768750633
2020-11-11,2.6612079491326033,0.0007004539850122603,0.0013208236127439932
2020-11-12,2.688717963433013,0.0007079820540193043,0.0006151406768424295
2020-11-13,2.682729696134445,0.0007021566349237736,-0.0001327975862892572
2020-11-16,2.68212040036545,0.0006969436778630077,-1.3411668973617452e-05
2020-11-17,2.6810157066891733,0.0006991496737529002,-2.4393428219582347e-05
2020-11-18,2.7005004628393263,0.0007133622243080777,0.00043900444165956287
2020-11-19,2.672974294231048,0.0007063837493602682,-0.0006141004840856112
2020-11-20,2.6981738554837174,0.0007125498510023644,0.0005671101272639589
2020-11-23,2.6901546186159204,0.0007124147385436918,-0.00018043520205424102
2020-11-24,2.6816639253227548,0.000705189804853564,-0.00018910472178390592
2020-11-25,2.698777238320692,0.0007090514554085328,0.00038323985602062294
2020-11-27,2.718827199048756,0.0007121445408750408,0.00045096110136455536
2020-11-30,2.748129149461189,0.0007216626112399745,0.0006678657850329728
2020-12-01,2.7596646479405136,0.0007155638473425167,0.0002606966175164871
2020-12-02,2.728622080220861,0.0007146031757799947,-0.0007006106304743298
2020-12-03,2.709981192656488,0.0007055363264070972,-0.00041537266473312684
2020-12-04,2.6818806341910486,0.0006915241334501191,-0.0006137274904887136
2020-12-07,2.716405878635398,0.0007027417236398854,0.0007662979616611665
2020-12-08,2.709514849748481,0.0007002323411722203,-0.00015239961037138983
2020-12-09,2.705049333157954,0.0006982636972112118,-9.848038133952741e-05
2020-12-10,2.700287834266049,0.0007019473975243148,-0.00010556236696857013
2020-12-11,2.6906739352153815,0.0006980019497413591,-0.00021194033752180985
2020-12-14,2.68095954694454,0.0006990498245311438,-0.00021447848357070143
2020-12-15,2.66251175172426,0.0006916524777419307,-0.000402985742510964
2020-12-16,2.703860878572276,0.0007018150240865055,0.0009165450444328371
2020-12-17,2.708463126190637,0.0006990498254401647,0.00010160988028928841
2020-12-18,2.7072567550816555,0.0006929389076609109,-2.6401799971154105e-05
2020-12-21,2.7262347758875976,0.0007051356475480229,0.0004226575578059055
2020-12-22,2.702940585484776,0.0007058036927390504,-0.0005192654240886441
2020-12-23,2.693912702155024,0.000701550611535648,-0.0002000327458091533
2020-12-24,2.6878076762324246,0.0006968270642531714,-0.0001343599509766591
2020-12-28,2.685896732324993,0.0006875678707202891,-4.149740243519773e-05
2020-12-29,2.696708435747479,0.0006879487682623889,0.00023491637675476795
2020-12-30,2.6793658677065846,0.0006840332428186026,-0.00037467291146242587
2020-12-31,2.6776904450568,0.0006790462005442564,-3.593240128907382e-05
2021-01-04,2.707605746111042,0.0007058036864091431,0.0006668848057387322
2021-01-05,2.745856824757861,0.0007136449558170251,0.0008621557932997348
2021-01-06,2.801379516010391,0.0007370816947493657,0.001292553554989695
2021-01-07,2.823682104183857,0.0007453391722830992,0.0005250002758856454
2021-01-08,2.7949435929628677,0.0007290052743590053,-0.0006616597597144391
2021-01-11,2.8026934569106534,0.0007417776185162789,0.00018156080950859632
2021-01-12,2.7946952316602904,0.000743109142710923,-0.0001877123397378
2021-01-13,2.814792635732609,0.0007423689383241962,0.0004711999633997266
2021-01-14,2.851262882972516,0.0007563849730375867,0.0008712286029890493
2021-01-15,2.8747774403077617,0.0007646118531618323,0.0005678347441886444
2021-01-19,2.8997109605770883,0.0007676047236904922,0.0006044507680798006
2021-01-20,2.8747665909433304,0.0007649258002371979,-0.0006025993505005545
2021-01-21,2.824131205855637,0.0007607090169168972,-0.0012164937521248476
2021-01-22,2.8300612730362995,0.0007679213412447115,0.0001438198177652339
2021-01-25,2.8455064921297333,0.0007633587263087382,0.0003723564093576215
2021-01-26,2.848614935850134,0.0007554646635845019,7.416409121674405e-05
2021-01-27,2.816528893024309,0.0007672887885574424,-0.0007775362270194819
2021-01-28,2.8041560241903345,0.0007576153083767416,-0.00029604229513324753
2021-01-29,2.8085048830854915,0.0007733404162448995,0.00010621656613807318
2021-02-01,2.79777084217215,0.0007680796107186061,-0.0002603775369749428
2021-02-02,2.7986490693075545,0.0007605539141047372,2.1094629929052644e-05
2021-02-03,2.8022420625786935,0.0007635150438798161,8.663931788532864e-05
2021-02-04,2.8220473220977698,0.0007597782964743305,0.0004752315342670954
2021-02-05,2.811216001783465,0.0007499901197964883,-0.0002565511905316953
2021-02-08,2.784912351987761,0.0007459360502156457,-0.0006196690384143722
2021-02-09,2.7812881414311494,0.000749236014415351,-8.575865352611345e-05
2021-02-10,2.7489814903633527,0.0007507459404627804,-0.0007660007106125022
2021-02-11,2.6570150161388697,0.0007403037123770256,-0.002150202405005075
2021-02-12,2.61505738961388,0.0007346110624068147,-0.000973448965339685
2021-02-16,2.646911727426492,0.0007407453455161091,0.0007452258801805556
2021-02-17,2.655896768445095,0.0007428129100874184,0.00021078837856691734
2021-02-18,2.640177647930284,0.0007334540455292529,-0.00036411953573178835
2021-02-19,2.618441062099054,0.0007431091401993866,-0.0005101475992148607
2021-02-22,2.581386959161094,0.000735481191566971,-0.0008606987218939821
2021-02-23,2.601430549590774,0.000736790252573726,0.0004664101413993649
2021-02-24,2.5792583762461456,0.0007343214324697867,-0.0005142110901630303
2021-02-25,2.5657670693068657,0.0007422210848780958,-0.00031625571753579607
2021-02-26,2.6111615758230444,0.0007600883460384167,0.0010897307651589472
2021-03-01,2.591955338109949,0.0007462347145760754,-0.00045264050822879653
2021-03-02,2.5904921504445055,0.0007432573488194623,-3.4346540658702907e-05
2021-03-03,2.558492009700912,0.0007450408273751305,-0.000752970945725906
2021-03-04,2.5747642883611923,0.0007456373581880021,0.00038319632167826967
2021-03-05,2.61419796926689,0.0007331655231112269,0.000913083016996552
2021-03-08,2.5538238960977346,0.0007211036185428061,-0.0013749701159326833
2021-03-09,2.595292095748805,0.0007321569198698694,0.0009589049329434829
2021-03-10,2.591859684217607,0.0007239061007989999,-7.847443835373724e-05
2021-03-11,2.613311017255762,0.0007318692873673729,0.0004958406871082843
2021-03-12,2.6149720621095947,0.0007333216527608783,3.847030721715328e-05
2021-03-15,2.580463656712426,0.0007236986147441756,-0.0007887301713935813
2021-03-16,2.5898075604655744,0.0007210154552938655,0.00021277666255059557
2021-03-17,2.58127219749891,0.0007207341868305762,-0.00019428969760326709
2021-03-18,2.594124818472887,0.0007302781803626344,0.0002964393556936784
2021-03-19,2.6202432660169457,0.0007268305843617939,0.0005995553631095163
2021-03-22,2.6745153774930426,0.0007241240754274133,0.0012411942970231848
2021-03-23,2.686215711867019,0.0007186316522185193,0.0002655551116816923
2021-03-24,2.6669649738076218,0.0007168192245849586,-0.00043582280567022735
2021-03-25,2.6569291301917217,0.0007099328170707356,-0.00022502100382837398
2021-03-26,2.6631199428849017,0.0006962869716498967,0.00013614069167999787
2021-03-29,2.661850514803554,0.0006858184951471117,-2.7496315240682634e-05
2021-03-30,2.654635235557307,0.0006948467408640893,-0.0001583464577237237
2021-03-31,2.6563200211881135,0.0007006439178673452,3.7282458080767356e-05
2021-04-01,2.6632316442154984,0.0007033114482967393,0.0001535279903208675
2021-04-05,2.6833326864345968,0.000699317786218434,0.0004439664431856727
2021-04-06,2.673667740916004,0.0006943242477842333,-0.00021194328354567915
2021-04-07,2.6643223208640907,0.0006931521930066417,-0.00020459169941489108
2021-04-08,2.656134421446673,0.0006952388394685907,-0.00017979120386257819
2021-04-09,2.6536939204377097,0.0006944548553847917,-5.352829776938961e-05
2021-04-12,2.653585408207302,0.000692242903406918,-2.3724519877532657e-06
2021-04-13,2.667133064418382,0.000695631437188286,0.000297650042028863
2021-04-14,2.650121766247769,0.0006957623635606794,-0.0003738169323526108
2021-04-15,2.641406397151927,0.0006925024903279916,-0.00019061920016838485
2021-04-16,2.658286301756038,0.0006879894113869658,0.0003667852586772824
2021-04-19,2.6533593047198836,0.0006839143646639419,-0.00010642548718919898
2021-04-20,2.6625676723898315,0.0006817691538338027,0.00019828205401495325
2021-04-21,2.6641375773516995,0.000676278433515993,3.353219345569869e-05
2021-04-22,2.6559155115961497,0.0006783892933962169,-0.00017616792882790833
2021-04-23,2.6500902596349722,0.0006780157963114568,-0.0001247441230560753
2021-04-26,2.6445306412205265,0.0006882457004236772,-0.00012085296529562584
2021-04-27,2.6397951269367637,0.0006892728409370249,-0.00010309114922790741
2021-04-28,2.619730991312678,0.0006891444602870782,-0.00043670999889400264
2021-04-29,2.6258618808378684,0.0006806386700408727,0.00013179534487051114
2021-04-30,2.643512937900408,0.0006841677977175418,0.00038141643916844714
2021-05-03,2.6488718949025536,0.0006778914081868707,0.00011473674304340875
2021-05-04,2.6320593458513555,0.0006821466846734613,-0.0003622249960528734
2021-05-05,2.637589651363914,0.0006839143633873084,0.0001194581930832328
2021-05-06,2.6417835666224985,0.000677145973936664,8.969412519377329e-05
2021-05-07,2.643239111834784,0.0006775185676553409,3.114677272719746e-05
2021-05-10,2.6448949041682037,0.0006725851664071416,3.5173666447008145e-05
2021-05-11,2.654121006694946,0.0006798872385822383,0.0001981183425243671
2021-05-12,2.641873070347198,0.0006834083942718553,-0.0002643683783674078
2021-05-13,2.6579419440192877,0.0006775185689763511,0.0003438500529284738
2021-05-14,2.6512470101134973,0.0006747963804767066,-0.00014268692314090003
2021-05-17,2.6480033822178277,0.0006759073091784742,-6.924449091627594e-05
2021-05-18,2.650597464114589,0.0006796371875011434,5.568373011044514e-05
2021-05-19,2.657451587720263,0.000681769152912396,0.0001475894176081738
2021-05-20,2.666712887076704,0.0006757836934866717,0.0001976708128950122
2021-05-21,2.6658257226203554,0.0006761547345104153,-1.8945967070749248e-05
2021-05-24,2.670614286899294,0.0006739347354997987,0.00010192690709232011
2021-05-25,2.679229903197954,0.0006740577863627201,0.00018342160885254088
2021-05-26,2.667554129131765,0.0006711193442753864,-0.00024748650901074143
2021-05-27,2.6135287570907515,0.0006655583166916829,-0.0011356645596407589
2021-05-28,2.6485435805118773,0.0006679646506706818,0.0007387126445195236
2021-06-01,2.643490854352237,0.0006680855861306452,-0.0001066170395631616
2021-06-02,2.6435313240453104,0.0006654384542698444,8.505615056719762e-07
2021-06-03,2.6462878517850585,0.0006637649620463009,5.7789063887980774e-05
2021-06-04,2.6210808322166934,0.0006566864645466191,-0.000522814313498543
2021-06-07,2.6288202069514433,0.000659029078979564,0.00016109537860131695
2021-06-08,2.6225241277511517,0.0006636456376176828,-0.00013197116265928344
2021-06-09,2.625702943903646,0.0006656782736713258,6.683444526345284e-05
2021-06-10,2.632257917052075,0.0006605608520142642,0.0001367576590922681
2021-06-11,2.6221453223475644,0.0006576214675908964,-0.00021004318578832226
2021-06-14,2.6467757446565363,0.0006598698724768499,0.0005133369132011012
2021-06-15,2.653650801647874,0.0006615364284164607,0.00014364866554217315
2021-06-16,2.6627765168618467,0.0006704866729204382,0.00019325476972653632
2021-06-17,2.6747812444507657,0.000667071778354639,0.00025292506762752964
2021-06-18,2.676429446017709,0.0006817041297040202,3.548783524820465e-05
2021-06-21,2.6681395987158263,0.0006743086317687005,-0.00017655002132244135
2021-06-22,2.6623479737870372,0.0006718379007069921,-0.00012289411365884462
2021-06-23,2.6487055153125767,0.000677297582666617,-0.0002918376767695463
2021-06-24,2.650469334117618,0.0006739368172635453,3.754379451947898e-05
2021-06-25,2.6673597475777697,0.0006748049468960166,0.0003599861360896739
2021-06-28,2.6818009421608893,0.0006755507382476802,0.00030812578296490756
2021-06-29,2.6998787004141533,0.000680565538764804,0.0003885818527749052
2021-06-30,2.709903896880935,0.0006774226969086951,0.00021449478916224507
2021-07-01,2.7179874195866973,0.0006793048875962264,0.0001734330722484856
2021-07-02,2.71992239466278,0.0006765477685359438,4.1346470112557654e-05
2021-07-06,2.739099875651014,0.0006803130903852494,0.000412066885488116
2021-07-07,2.7289508442784385,0.0006748049482188042,-0.00021630489361257332
2021-07-08,2.7397999661009926,0.0006771725723716397,0.00023203920494552221
2021-07-09,2.716308380047495,0.0006730709718548177,-0.0004993879212520369
2021-07-12,2.715845302169557,0.0006728239404171137,-9.840623903301093e-06
2021-07-13,2.751229437706468,0.0006662235754841804,0.0007445501876759408
2021-07-14,2.718412151161131,0.0006515459313877495,-0.0006753248562745284
2021-07-15,2.7221752818595153,0.0006494686857244334,7.719343210510488e-05
2021-07-16,2.7341054041292043,0.0006499293081847678,0.000244897950409495
2021-07-19,2.7666106969213455,0.0006577394152709667,0.0006752802378855449
2021-07-20,2.7620261079014616,0.0006565618722983333,-9.507085354698575e-05
2021-07-21,2.716726545904329,0.0006482060426076963,-0.0009274205365272792
2021-07-22,2.719679545035488,0.0006491238494404249,6.054321826809428e-05
2021-07-23,2.7284600135376613,0.000642977921082551,0.00017831428158388007
2021-07-26,2.7241673643455195,0.0006424147828183591,-8.709968625453257e-05
2021-07-27,2.729684391632027,0.0006401719627859863,0.00011155194269463209
2021-07-28,2.7294125823236013,0.0006460362701731242,-5.546250292809418e-06
2021-07-29,2.720135791964653,0.0006425272422464779,-0.00018826226346391195
2021-07-30,2.7235146810132407,0.0006427526263824676,6.859521207047692e-05
2021-08-02,2.7197383637703507,0.0006444469372439434,-7.686559530384329e-05
2021-08-03,2.7239092168086723,0.000643994198691638,8.483638012535266e-05
2021-08-04,2.717511103816948,0.0006534033669366367,-0.00013204180774550878
2021-08-05,2.7028290291931913,0.0006487794821100463,-0.000300854228839853
2021-08-06,2.6964946639998044,0.0006471765404868878,-0.0001294790820622893
2021-08-09,2.6963648991994886,0.0006470621959194731,-2.6520245910433005e-06
2021-08-10,2.6906401871781473,0.0006453542272029621,-0.00011668794880392852
2021-08-11,2.704593715584007,0.0006461501020352458,0.0002847690854821394
2021-08-12,2.699889594916171,0.0006449002132344499,-9.581765999655545e-05
2021-08-13,2.7065598199088674,0.000640507253933124,0.00013493934491748405
2021-08-16,2.7211261822745403,0.0006377226694527174,0.0002933990503777295
2021-08-17,2.728039816848482,0.000639948530975121,0.00013974277621287
2021-08-18,2.7373239631513497,0.0006487794797405351,0.0001902471746006995
2021-08-19,2.765759492202704,0.000644673421140648,0.0005789940814793226
2021-08-20,2.7667297342786275,0.0006471765397691977,1.9832566607647095e-05
2021-08-23,2.767766009672061,0.000649468684949179,2.1257329052559726e-05
2021-08-24,2.754390023088002,0.0006544526831960681,-0.00027649003993701626
2021-08-25,2.7392647124813916,0.0006537527665944913,-0.0003123131266420387
2021-08-26,2.755235603595605,0.0006599885766867698,0.00033292019341502055
2021-08-27,2.7553093694131423,0.0006586846440780441,1.5346287796091929e-06
2021-08-30,2.7479914995987462,0.0006524733795080984,-0.0001508054718897256
2021-08-31,2.748497264443098,0.0006509676423342284,1.0398741238759612e-05
2021-09-01,2.756605352583963,0.0006466057777942904,0.00016558858536086518
2021-09-02,2.754743166270222,0.0006456950691326146,-3.7977393446908536e-05
2021-09-03,2.7591416104188933,0.0006461501020943093,8.976513544212139e-05
2021-09-07,2.7658570486609824,0.0006584481063674323,0.00013966073703386428
2021-09-08,2.767769100477718,0.0006496989676586299,3.923564614183306e-05
2021-09-09,2.7778529593946164,0.0006562094134696557,0.00020899938144225416
2021-09-10,2.7855035899197946,0.0006591581713228931,0.00015927947166005652
2021-09-13,2.7679937875237304,0.0006537527674555473,-0.0003615467821873608
2021-09-14,2.7551717195227576,0.0006532834684653669,-0.00026456500918925485
2021-09-15,2.761192649188751,0.0006510630235586029,0.00012381090076019063
2021-09-16,2.7794076409202955,0.0006572946518049872,0.0003781502574611295
2021-09-17,2.799889006420094,0.0006682768981385866,0.000432305042011194
2021-09-20,2.810061943089328,0.0006729722562033634,0.0002162287798341822
2021-09-21,2.809306174620309,0.0006730967058079775,-1.6066953435256437e-05
2021-09-22,2.8137391060811043,0.0006721023487347527,9.410081131022707e-05
2021-09-23,2.8206191825121256,0.0006732210909809456,0.00014629140835609178
2021-09-24,2.829754665584215,0.0006750942160161076,0.00019478864840039023
2021-09-27,2.817241642993198,0.0006786184878594439,-0.00026819803716193746
2021-09-28,2.8377657832439414,0.0006911175425121789,0.0004480084591591549
2021-09-29,2.8439681394491463,0.0006869436667462308,0.00013456697143965357
2021-09-30,2.834912730713662,0.0006933557525486718,-0.00019830298239753574
2021-10-01,2.8155816623513887,0.0006861666805714541,-0.00041893298526929357
2021-10-04,2.803173692000928,0.0006865548388344296,-0.0002690540112553208
2021-10-05,2.8149914640453217,0.0006853912776928147,0.0002558215324484081
2021-10-06,2.853217755048919,0.0006773555708413126,0.0008177868067491545
2021-10-07,2.870472060190792,0.0006752194514540362,0.0003679660692057496
2021-10-08,2.851182295061512,0.0006722265853325725,-0.0004095513451147781
2021-10-11,2.8492188213143996,0.0006708634843586253,-4.160316174761647e-05
2021-10-12,2.8617953986692526,0.0006708634840829137,0.00026647992581274593
2021-10-13,2.880592715814323,0.0006707399138623527,0.0003982152271078121
2021-10-14,2.8840814393518976,0.0006661975065872569,7.340677692013742e-05
2021-10-15,2.8827959450633336,0.0006677863152728002,-2.7112986515476223e-05
2021-10-18,2.8984486907598765,0.0006744687380200267,0.00033344412679525703
2021-10-19,2.9239123320921965,0.0006718541232450622,0.000540333083108635
2021-10-20,2.9201385286093484,0.0006659535682771718,-7.937598169860394e-05
2021-10-21,2.8964349905773674,0.000669383097779262,-0.000501139011731766
2021-10-22,2.905448952300379,0.0006681541195195755,0.00019022181126615578
2021-10-25,2.903563219787511,0.0006708634835369851,-3.995615549001741e-05
2021-10-26,2.9261627094599687,0.0006679089620830204,0.0004767414622790511
2021-10-27,2.860886035181873,0.0006552828223919105,-0.0013509893203149659
2021-10-28,2.852138016736027,0.0006492048150334711,-0.0001793750610090683
2021-10-29,2.8350959542409724,0.0006454061196818573,-0.0003473987443669557
2021-11-01,2.839194675646791,0.0006477030747980121,8.384943643591214e-05
2021-11-02,2.8688170509451187,0.0006485109954755818,0.0006067530274265209
2021-11-03,2.886544962555165,0.0006463229143042518,0.00036189350629456385
2021-11-04,2.870924348498432,0.0006427845174115306,-0.0003171300590736337
2021-11-05,2.888192926210704,0.000640071394645207,0.0003491082485709285
2021-11-08,2.851687458688197,0.0006458640644213581,-0.0007446930213177438
2021-11-09,2.8624975818294462,0.0006440355171875483,0.0002198948026546077
2021-11-10,2.8601368580077104,0.0006414251123360648,-4.7826207264733966e-05
2021-11-11,2.835607739981412,0.0006411990205135542,-0.0004967649844900279
2021-11-12,2.841408605400248,0.0006426709713067355,0.00011774926429097832
2021-11-15,2.8609866654672422,0.0006425574664248805,0.00039733562755372986
2021-11-16,2.8727267138041914,0.0006471272916569733,0.0002399588765911176
2021-11-17,2.8897148312730305,0.0006507139390620546,0.00034914918907702486
2021-11-18,2.9166783717223206,0.0006565831874989727,0.00055916759140473
2021-11-19,2.9384894175399334,0.0006599162986861495,0.0004546092688997305
2021-11-22,2.926555251831477,0.000655873366915576,-0.00024721905595015414
2021-11-23,2.924545028693932,0.0006510630240250478,-4.1336921128731774e-05
2021-11-24,2.9213481884108266,0.0006563463922029712,-6.627185004504099e-05
2021-11-26,2.9659010629128995,0.0006771036110571586,0.0009528157353599909
2021-11-29,2.974086560697619,0.0006665634561181969,0.0001723255123238232
2021-11-30,2.989469743131758,0.0006882850038065767,0.00033441827946489866
2021-12-01,3.005173365038634,0.0006902579958087612,0.00034235337321320003
2021-12-02,2.9901610118595814,0.0006802475688388045,-0.00032253358983780345
2021-12-03,3.0393548997897484,0.0006742787462658431,0.0010476446368841152
2021-12-06,2.9943322758841955,0.0006574630533225036,-0.0009348978893513049
2021-12-07,2.9746509238112817,0.000653892125514516,-0.0004064730541699646
2021-12-08,2.991202062464812,0.0006563876481086831,0.0003431324097959987
2021-12-09,2.9950597268212,0.0006580620246488865,8.017958245432055e-05
2021-12-10,2.9661993334160965,0.0006414652603865412,-0.000584712364201323
2021-12-13,2.904576789306828,0.0006250355107829241,-0.0012165110193791406
2021-12-14,2.895367192115449,0.0006246030309229117,-0.00018168763105563812
2021-12-15,2.9194834514471055,0.0006218070310487696,0.0004736370765670017
2021-12-16,2.8943452727160746,0.0006155542723821289,-0.0004887425056665506
2021-12-17,2.880225874512333,0.0006253600339220598,-0.00027888955941079985
2021-12-20,2.908950506445268,0.0006274242842185107,0.0005692421184164687
2021-12-21,2.8888359301263526,0.000624927156525415,-0.0003970267022737062
2021-12-22,2.8863014710658117,0.000620525004171443,-4.967343159023585e-05
2021-12-23,2.8810957985724874,0.0006200987885812057,-0.00010195759551834271
2021-12-27,2.8884368971043037,0.0006155542721351886,0.0001427277023537954
2021-12-28,2.8920894457669015,0.0006131506263970802,7.07368724022217e-05
2021-12-29,2.898876010318531,0.0006124227791391264,0.00013127592120554255
2021-12-30,2.902218723211888,0.000614193295917969,6.484683149210468e-05
